02/05/2021 at 07:00上午 ET,388.11,388.12,387.92,388.05,42087
02/05/2021 at 07:10上午 ET,387.99,388.12,387.94,388.0,20815
02/05/2021 at 07:20上午 ET,388.01,388.04,387.9,387.999,25909
02/05/2021 at 07:30上午 ET,387.97,387.98,387.8,387.94,26053
02/05/2021 at 07:40上午 ET,387.93,387.93,387.77,387.82,9469
02/05/2021 at 07:50上午 ET,387.84,387.87,387.72,387.8,16806
02/05/2021 at 08:00上午 ET,387.8,387.8,387.66,387.67,19370
02/05/2021 at 08:10上午 ET,387.64,387.68,387.52,387.68,20584
02/05/2021 at 08:20上午 ET,387.7,387.89,387.66,387.75,65442
02/05/2021 at 08:30上午 ET,387.55,387.88,387.35,387.79,124884
02/05/2021 at 08:40上午 ET,387.77,387.88,387.69,387.82,17817
02/05/2021 at 08:50上午 ET,387.8,387.97,387.55,387.55,62794
02/05/2021 at 09:00上午 ET,387.7,388.02,387.66,388.0,29780
02/05/2021 at 09:10上午 ET,388.05,388.11,386.19,387.93,209125
02/05/2021 at 09:20上午 ET,387.93,388.26,387.93,388.24,171112
02/05/2021 at 09:30上午 ET,388.21,388.29,387.37,387.6,2234250
02/05/2021 at 09:40上午 ET,387.62,387.95,387.57,387.78,947127
02/05/2021 at 09:50上午 ET,387.7891,387.91,387.042,387.14,1153735
02/05/2021 at 10:00上午 ET,387.15,387.42,386.95,387.22,806948
02/05/2021 at 10:10上午 ET,387.225,387.255,386.49,386.5099,1253900
02/05/2021 at 10:20上午 ET,386.51,387.21,386.485,387.155,1269557
02/05/2021 at 10:30上午 ET,387.15,387.6,387.11,387.55,729051
02/05/2021 at 10:40上午 ET,387.55,387.899,387.41,387.8781,684795
02/05/2021 at 10:50上午 ET,387.875,387.98,387.62,387.695,879297
02/05/2021 at 11:00上午 ET,387.69,387.855,387.3,387.34,652642
02/05/2021 at 11:10上午 ET,387.3364,387.4,387.11,387.209,554261
02/05/2021 at 11:20上午 ET,387.2088,387.47,387.16,387.35,510565
02/05/2021 at 11:30上午 ET,387.3519,387.78,387.3519,387.7127,565719
02/05/2021 at 11:40上午 ET,387.72,387.77,387.63,387.67,355296
02/05/2021 at 11:50上午 ET,387.67,387.6974,387.2913,387.32,440330
02/05/2021 at 12:00下午 ET,387.315,387.73,387.18,387.605,442286
02/05/2021 at 12:10下午 ET,387.6,387.89,387.595,387.87,272304
02/05/2021 at 12:20下午 ET,387.865,387.91,387.72,387.87,291638
02/05/2021 at 12:30下午 ET,387.87,388.04,387.78,388.0297,410342
02/05/2021 at 12:40下午 ET,388.02,388.35,387.9622,388.195,511446
02/05/2021 at 12:50下午 ET,388.1978,388.46,388.13,388.4378,547283
02/05/2021 at 01:00下午 ET,388.4396,388.47,388.07,388.14,407326
02/05/2021 at 01:10下午 ET,388.1201,388.385,388.07,388.357,311147
02/05/2021 at 01:20下午 ET,388.345,388.37,387.98,388.05,500928
02/05/2021 at 01:30下午 ET,388.05,388.1099,387.885,388.0318,365702
02/05/2021 at 01:40下午 ET,388.0335,388.04,387.86,387.875,439643
02/05/2021 at 01:50下午 ET,387.875,387.879,387.563,387.5854,472600
02/05/2021 at 02:00下午 ET,387.5978,387.76,387.41,387.67,643912
02/05/2021 at 02:10下午 ET,387.66,387.82,387.6,387.67,249903
02/05/2021 at 02:20下午 ET,387.67,387.91,387.55,387.85,364422
02/05/2021 at 02:30下午 ET,387.8425,388.03,387.72,387.885,360104
02/05/2021 at 02:40下午 ET,387.88,387.8894,387.5,387.54,339516
02/05/2021 at 02:50下午 ET,387.53,387.62,387.32,387.51,611851
02/05/2021 at 03:00下午 ET,387.52,387.54,387.19,387.3,618731
02/05/2021 at 03:10下午 ET,387.3002,387.7,387.24,387.545,778487
02/05/2021 at 03:20下午 ET,387.5481,387.71,387.19,387.21,792314
02/05/2021 at 03:30下午 ET,387.21,387.7,387.2,387.3727,892424
02/05/2021 at 03:40下午 ET,387.37,387.66,387.23,387.245,1452982
02/05/2021 at 03:50下午 ET,387.24,387.81,387.18,387.68,3244731
02/05/2021 at 04:00下午 ET,387.67,387.97,387.58,387.95,1987963
02/05/2021 at 04:10下午 ET,387.95,388.1,387.6473,388.02,1303871
02/05/2021 at 04:20下午 ET,388.02,388.07,387.98,388.03,56389
02/05/2021 at 04:30下午 ET,388.01,388.07,387.94,388.05,198588
02/05/2021 at 04:40下午 ET,388.07,388.15,388.02,388.12,97631
02/05/2021 at 04:50下午 ET,388.13,388.14,388.07,388.07,22674
02/05/2021 at 05:00下午 ET,388.04,388.06,387.96,388.01,21166
02/05/2021 at 05:10下午 ET,388.0,388.05,387.75,387.9,67802
02/05/2021 at 05:20下午 ET,387.97,388.04,387.97,388.02,15696
02/05/2021 at 05:30下午 ET,388.02,388.09,387.96,388.05,22741
02/05/2021 at 05:40下午 ET,388.1,388.2,387.7,388.1,45566
02/05/2021 at 05:50下午 ET,388.05,388.05,388.0,388.0,10066
02/05/2021 at 06:00下午 ET,388.03,388.03,388.0,388.0,1410
02/05/2021 at 06:10下午 ET,388.09,388.09,388.05,388.05,200
02/05/2021 at 06:20下午 ET,388.08,388.11,388.08,388.1,1932
02/05/2021 at 06:30下午 ET,388.11,388.17,388.01,388.01,4450
02/05/2021 at 06:40下午 ET,388.05,388.05,388.02,388.02,434
02/05/2021 at 06:50下午 ET,388.02,388.05,388.0,388.0,10608
02/05/2021 at 07:00下午 ET,388.08,388.15,388.06,388.15,1867
02/05/2021 at 07:10下午 ET,388.17,388.17,388.02,388.16,1955
02/05/2021 at 07:20下午 ET,388.1,388.1,388.09,388.09,200
02/05/2021 at 07:30下午 ET,388.07,388.12,388.01,388.03,12358
02/05/2021 at 07:40下午 ET,388.08,388.17,388.08,388.15,1941
02/05/2021 at 07:50下午 ET,388.1,388.3,388.1,388.19,4638
02/07/2021 at 08:00下午 ET,388.3,389.48,388.21,389.48,1281
02/07/2021 at 08:10下午 ET,389.47,389.58,389.47,389.55,374
02/07/2021 at 08:20下午 ET,389.58,389.9,389.34,389.34,13
02/07/2021 at 08:30下午 ET,389.84,389.84,389.84,389.84,5
02/07/2021 at 08:40下午 ET,389.5,389.8,389.5,389.65,327
02/07/2021 at 08:50下午 ET,389.71,389.72,389.56,389.64,932
02/07/2021 at 09:00下午 ET,389.55,389.55,389.55,389.55,1
02/07/2021 at 09:20下午 ET,389.69,389.7,389.69,389.7,21
02/07/2021 at 09:40下午 ET,389.7,389.7,389.7,389.7,30
02/07/2021 at 09:50下午 ET,389.7,389.7,389.7,389.7,25
02/07/2021 at 10:00下午 ET,389.67,389.67,389.67,389.67,1
02/07/2021 at 10:10下午 ET,389.69,389.77,389.69,389.77,245
02/07/2021 at 10:20下午 ET,389.72,389.78,389.71,389.71,57
02/07/2021 at 10:30下午 ET,389.74,389.74,389.71,389.72,229
02/07/2021 at 10:40下午 ET,389.72,389.72,389.72,389.72,73
02/07/2021 at 10:50下午 ET,389.71,389.71,389.71,389.71,1
02/07/2021 at 11:00下午 ET,389.75,389.75,389.69,389.69,21
02/07/2021 at 11:20下午 ET,389.58,389.58,389.5,389.5,1035
02/07/2021 at 11:40下午 ET,389.75,389.75,389.33,389.33,31
02/07/2021 at 11:50下午 ET,389.26,389.26,389.26,389.26,6
02/08/2021 at 01:40上午 ET,389.5,389.5,389.5,389.5,100
02/08/2021 at 01:50上午 ET,389.8,389.8,389.8,389.8,46
02/08/2021 at 02:00上午 ET,389.26,389.26,389.26,389.26,20
02/08/2021 at 02:20上午 ET,389.26,389.55,389.26,389.55,52
02/08/2021 at 02:30上午 ET,389.26,389.26,389.23,389.23,140
02/08/2021 at 03:00上午 ET,389.23,389.23,389.23,389.23,23
02/08/2021 at 03:10上午 ET,389.1,389.15,388.68,389.15,589
02/08/2021 at 03:20上午 ET,388.75,388.75,388.75,388.75,20
02/08/2021 at 03:40上午 ET,388.75,388.75,388.49,388.49,744
02/08/2021 at 04:00上午 ET,388.63,388.76,388.54,388.75,12439
02/08/2021 at 04:10上午 ET,388.79,388.81,388.71,388.74,10716
02/08/2021 at 04:20上午 ET,388.72,388.72,388.44,388.44,9400
02/08/2021 at 04:30上午 ET,388.39,388.63,388.31,388.55,17050
02/08/2021 at 04:40上午 ET,388.58,388.83,388.58,388.83,2493
02/08/2021 at 04:50上午 ET,388.79,388.88,388.74,388.75,1780
02/08/2021 at 05:00上午 ET,388.76,388.79,388.72,388.79,800
02/08/2021 at 05:10上午 ET,388.74,388.74,388.64,388.66,1050
02/08/2021 at 05:20上午 ET,388.79,388.79,388.68,388.68,1535
02/08/2021 at 05:30上午 ET,388.64,388.64,388.52,388.52,14190
02/08/2021 at 05:40上午 ET,388.54,388.54,388.48,388.53,1505
02/08/2021 at 05:50上午 ET,388.56,388.61,388.5,388.58,5400
02/08/2021 at 06:00上午 ET,388.61,388.62,388.5,388.59,1401
02/08/2021 at 06:10上午 ET,388.59,389.06,388.55,389.06,6480
02/08/2021 at 06:20上午 ET,389.01,389.07,389.0,389.0,6854
02/08/2021 at 06:30上午 ET,388.99,389.08,388.99,389.02,16182
02/08/2021 at 06:40上午 ET,388.96,389.05,388.96,389.04,21627
02/08/2021 at 06:50上午 ET,388.99,389.04,388.98,389.04,4965
02/08/2021 at 07:00上午 ET,388.98,389.04,388.82,388.88,12771
02/08/2021 at 07:10上午 ET,388.88,388.97,388.85,388.92,7124
02/08/2021 at 07:20上午 ET,388.93,388.98,388.88,388.9,9226
02/08/2021 at 07:30上午 ET,388.93,388.93,388.73,388.9,18187
02/08/2021 at 07:40上午 ET,388.94,388.94,388.78,388.92,9092
02/08/2021 at 07:50上午 ET,388.95,389.06,388.91,389.05,10011
02/08/2021 at 08:00上午 ET,388.98,388.98,388.9,388.93,4401
02/08/2021 at 08:10上午 ET,388.97,389.2,388.97,389.2,18109
02/08/2021 at 08:20上午 ET,389.2,389.27,389.1,389.2,17148
02/08/2021 at 08:30上午 ET,389.16,389.17,389.05,389.1,26126
02/08/2021 at 08:40上午 ET,389.11,389.28,389.1,389.15,29028
02/08/2021 at 08:50上午 ET,389.2,389.28,389.2,389.2,11330
02/08/2021 at 09:00上午 ET,389.23,389.28,389.18,389.28,6189
02/08/2021 at 09:10上午 ET,389.27,389.46,389.27,389.41,36307
02/08/2021 at 09:20上午 ET,389.41,389.42,389.21,389.3,58005
02/08/2021 at 09:30上午 ET,389.27,389.56,389.1,389.23,1726251
02/08/2021 at 09:40上午 ET,389.24,389.67,389.16,389.663,1057423
02/08/2021 at 09:50上午 ET,389.6617,389.82,389.44,389.63,909734
02/08/2021 at 10:00上午 ET,389.6399,389.87,389.5187,389.855,714327
02/08/2021 at 10:10上午 ET,389.84,389.87,389.49,389.74,591650
02/08/2021 at 10:20上午 ET,389.75,389.79,389.24,389.525,731188
02/08/2021 at 10:30上午 ET,389.53,389.69,389.42,389.62,629752
02/08/2021 at 10:40上午 ET,389.63,389.95,389.605,389.77,574104
02/08/2021 at 10:50上午 ET,389.775,389.81,389.333,389.55,657267
02/08/2021 at 11:00上午 ET,389.55,389.6399,389.2901,389.315,393845
02/08/2021 at 11:10上午 ET,389.31,389.37,388.9,389.01,820568
02/08/2021 at 11:20上午 ET,388.995,389.22,388.98,389.125,460792
02/08/2021 at 11:30上午 ET,389.127,389.18,388.55,388.575,918487
02/08/2021 at 11:40上午 ET,388.56,388.89,388.35,388.86,805004
02/08/2021 at 11:50上午 ET,388.855,389.08,388.84,388.891,535115
02/08/2021 at 12:00下午 ET,388.91,389.03,388.91,389.0,422104
02/08/2021 at 12:10下午 ET,389.01,389.3,389.0,389.2,471966
02/08/2021 at 12:20下午 ET,389.21,389.38,389.18,389.295,338610
02/08/2021 at 12:30下午 ET,389.2911,389.3,389.0872,389.1,429548
02/08/2021 at 12:40下午 ET,389.11,389.31,389.04,389.2201,275170
02/08/2021 at 12:50下午 ET,389.2219,389.2499,388.91,389.03,333749
02/08/2021 at 01:00下午 ET,389.03,389.04,388.82,388.915,404638
02/08/2021 at 01:10下午 ET,388.9189,389.17,388.87,389.1301,367366
02/08/2021 at 01:20下午 ET,389.1381,389.17,388.98,389.04,208215
02/08/2021 at 01:30下午 ET,389.045,389.28,389.03,389.245,261919
02/08/2021 at 01:40下午 ET,389.245,389.31,389.03,389.105,393037
02/08/2021 at 01:50下午 ET,389.1,389.12,388.59,388.8,1280816
02/08/2021 at 02:00下午 ET,388.805,389.08,388.77,389.0289,658595
02/08/2021 at 02:10下午 ET,389.04,389.07,388.92,388.92,217328
02/08/2021 at 02:20下午 ET,388.913,389.17,388.84,389.02,309801
02/08/2021 at 02:30下午 ET,389.015,389.12,388.82,389.0919,267095
02/08/2021 at 02:40下午 ET,389.09,389.2,389.0,389.1106,308187
02/08/2021 at 02:50下午 ET,389.11,389.35,389.08,389.33,424239
02/08/2021 at 03:00下午 ET,389.32,389.42,389.24,389.27,458352
02/08/2021 at 03:10下午 ET,389.27,389.49,389.26,389.34,578407
02/08/2021 at 03:20下午 ET,389.35,389.55,389.34,389.53,517403
02/08/2021 at 03:30下午 ET,389.52,389.66,389.4,389.5671,781465
02/08/2021 at 03:40下午 ET,389.565,389.797,389.53,389.71,1027952
02/08/2021 at 03:50下午 ET,389.71,390.54,389.64,390.53,3052380
02/08/2021 at 04:00下午 ET,390.545,390.56,390.41,390.47,1669894
02/08/2021 at 04:10下午 ET,390.46,390.62,390.29,390.4,281230
02/08/2021 at 04:20下午 ET,390.37,390.47,390.3,390.41,124499
02/08/2021 at 04:30下午 ET,390.44,390.59,390.43,390.48,111237
02/08/2021 at 04:40下午 ET,390.5,390.75,390.49,390.67,55120
02/08/2021 at 04:50下午 ET,390.69,390.73,390.65,390.65,28243
02/08/2021 at 05:00下午 ET,390.65,390.65,390.6,390.64,15198
02/08/2021 at 05:10下午 ET,390.65,390.75,390.6,390.62,31858
02/08/2021 at 05:20下午 ET,390.63,390.68,390.56,390.56,30414
02/08/2021 at 05:30下午 ET,390.6,390.69,390.57,390.57,18704
02/08/2021 at 05:40下午 ET,390.68,390.68,390.55,390.58,11462
02/08/2021 at 05:50下午 ET,390.61,390.66,390.6,390.66,4226
02/08/2021 at 06:00下午 ET,390.69,390.9,390.47,390.56,88062
02/08/2021 at 06:10下午 ET,390.6,390.7,390.53,390.53,14231
02/08/2021 at 06:20下午 ET,390.53,390.53,390.35,390.37,48382
02/08/2021 at 06:30下午 ET,390.39,390.51,390.37,390.46,34847
02/08/2021 at 06:40下午 ET,390.47,390.58,390.35,390.5301,13073
02/08/2021 at 06:50下午 ET,390.52,390.59,390.46,390.59,5729
02/08/2021 at 07:00下午 ET,390.51,390.57,390.3,390.36,12282
02/08/2021 at 07:10下午 ET,390.35,390.38,390.23,390.27,19150
02/08/2021 at 07:20下午 ET,390.33,390.34,390.09,390.13,30301
02/08/2021 at 07:30下午 ET,390.12,390.3,390.11,390.19,14774
02/08/2021 at 07:40下午 ET,390.18,390.25,390.11,390.24,35235
02/08/2021 at 07:50下午 ET,390.25,390.69,390.2,390.5,144456
02/08/2021 at 08:00下午 ET,390.65,390.65,390.65,390.65,100
02/08/2021 at 08:10下午 ET,390.39,390.53,390.15,390.15,870
02/08/2021 at 08:20下午 ET,390.3,390.35,390.3,390.35,54
02/08/2021 at 08:30下午 ET,390.2,390.35,390.2,390.35,54
02/08/2021 at 08:40下午 ET,390.49,390.49,390.48,390.49,400
02/08/2021 at 08:50下午 ET,390.55,390.8,390.55,390.8,256
02/08/2021 at 09:00下午 ET,390.8,390.8,390.75,390.75,102
02/08/2021 at 09:20下午 ET,390.55,390.66,390.55,390.66,110
02/08/2021 at 09:30下午 ET,390.77,390.77,390.76,390.76,500
02/08/2021 at 09:40下午 ET,390.62,390.62,390.58,390.58,22
02/08/2021 at 10:10下午 ET,390.58,390.58,390.58,390.58,18
02/08/2021 at 10:40下午 ET,390.45,390.52,390.45,390.52,405
02/08/2021 at 10:50下午 ET,390.45,390.45,390.45,390.45,5
02/08/2021 at 11:10下午 ET,390.45,390.45,390.45,390.45,150
02/08/2021 at 11:20下午 ET,390.45,390.45,390.17,390.17,51
02/08/2021 at 11:30下午 ET,390.33,390.33,390.33,390.33,14
02/08/2021 at 11:40下午 ET,390.44,390.44,390.44,390.44,12
02/08/2021 at 11:50下午 ET,390.57,390.57,390.57,390.57,100
02/09/2021 at 12:10上午 ET,390.51,390.51,390.51,390.51,91
02/09/2021 at 12:50上午 ET,390.53,390.54,390.53,390.54,30
02/09/2021 at 01:00上午 ET,390.55,390.55,390.55,390.55,10
02/09/2021 at 01:10上午 ET,390.55,390.55,390.55,390.55,10
02/09/2021 at 01:30上午 ET,390.58,390.58,390.58,390.58,1
02/09/2021 at 02:30上午 ET,390.52,390.52,390.52,390.52,1
02/09/2021 at 02:50上午 ET,390.47,390.47,390.47,390.47,1
02/09/2021 at 03:40上午 ET,390.44,390.52,390.44,390.52,551
02/09/2021 at 03:50上午 ET,390.44,390.44,390.44,390.44,9
02/09/2021 at 04:00上午 ET,390.28,390.33,390.03,390.04,5518
02/09/2021 at 04:10上午 ET,390.01,390.17,390.01,390.01,4355
02/09/2021 at 04:20上午 ET,389.97,390.19,389.88,390.17,11931
02/09/2021 at 04:30上午 ET,390.12,390.12,390.01,390.01,4226
02/09/2021 at 04:40上午 ET,390.0,390.15,389.95,390.08,5469
02/09/2021 at 04:50上午 ET,390.1,390.15,390.1,390.15,1700
02/09/2021 at 05:00上午 ET,390.18,390.2,390.14,390.14,4458
02/09/2021 at 05:10上午 ET,390.12,390.12,390.12,390.12,200
02/09/2021 at 05:20上午 ET,390.13,390.13,390.09,390.09,1399
02/09/2021 at 05:30上午 ET,390.16,390.16,390.06,390.06,869
02/09/2021 at 05:40上午 ET,390.03,390.07,389.96,390.01,2658
02/09/2021 at 05:50上午 ET,389.96,389.98,389.93,389.93,2709
02/09/2021 at 06:00上午 ET,389.83,389.84,389.49,389.49,45209
02/09/2021 at 06:10上午 ET,389.6,389.71,389.54,389.7,7599
02/09/2021 at 06:20上午 ET,389.7,389.73,389.65,389.73,3783
02/09/2021 at 06:30上午 ET,389.8,389.9,389.78,389.9,5876
02/09/2021 at 06:40上午 ET,389.92,389.97,389.88,389.95,5800
02/09/2021 at 06:50上午 ET,390.0,390.06,390.0,390.01,3356
02/09/2021 at 07:00上午 ET,390.04,390.04,389.9,389.94,50294
02/09/2021 at 07:10上午 ET,389.93,390.05,389.86,390.05,10732
02/09/2021 at 07:20上午 ET,390.1,390.11,389.96,390.03,7130
02/09/2021 at 07:30上午 ET,390.01,390.19,390.01,390.06,31259
02/09/2021 at 07:40上午 ET,390.06,390.06,389.7,389.72,159639
02/09/2021 at 07:50上午 ET,389.73,389.8,389.73,389.75,7815
02/09/2021 at 08:00上午 ET,389.76,389.8,389.66,389.7,36192
02/09/2021 at 08:10上午 ET,389.7,389.7,389.6,389.66,34940
02/09/2021 at 08:20上午 ET,389.65,389.86,389.62,389.86,33984
02/09/2021 at 08:30上午 ET,389.85,389.89,389.61,389.69,47144
02/09/2021 at 08:40上午 ET,389.66,389.89,389.66,389.89,88841
02/09/2021 at 08:50上午 ET,389.86,389.93,389.8,389.92,75575
02/09/2021 at 09:00上午 ET,389.9,389.9,389.48,389.62,92431
02/09/2021 at 09:10上午 ET,389.55,389.66,389.4,389.488,65752
02/09/2021 at 09:20上午 ET,389.48,389.56,389.4,389.54,36263
02/09/2021 at 09:30上午 ET,389.61,390.0,389.5481,389.59,1724904
02/09/2021 at 09:40上午 ET,389.59,390.0,389.17,389.895,1232992
02/09/2021 at 09:50上午 ET,389.89,390.28,389.87,390.13,961164
02/09/2021 at 10:00上午 ET,390.12,390.32,389.82,390.15,902213
02/09/2021 at 10:10上午 ET,390.1411,390.43,390.1411,390.3101,818466
02/09/2021 at 10:20上午 ET,390.3111,390.355,390.08,390.22,458570
02/09/2021 at 10:30上午 ET,390.21,390.405,390.163,390.3516,370138
02/09/2021 at 10:40上午 ET,390.3519,390.46,390.0,390.065,641646
02/09/2021 at 10:50上午 ET,390.06,390.16,389.96,390.045,325014
02/09/2021 at 11:00上午 ET,390.04,390.04,389.71,389.721,324878
02/09/2021 at 11:10上午 ET,389.72,389.75,389.3901,389.483,708319
02/09/2021 at 11:20上午 ET,389.5,389.91,389.46,389.7151,737679
02/09/2021 at 11:30上午 ET,389.72,390.14,389.585,389.9901,499073
02/09/2021 at 11:40上午 ET,389.9919,390.3,389.98,390.267,421530
02/09/2021 at 11:50上午 ET,390.26,390.28,390.05,390.05,267102
02/09/2021 at 12:00下午 ET,390.07,390.36,390.02,390.36,391209
02/09/2021 at 12:10下午 ET,390.37,390.63,390.33,390.45,659467
02/09/2021 at 12:20下午 ET,390.44,390.6,390.34,390.4919,392295
02/09/2021 at 12:30下午 ET,390.495,390.63,390.49,390.6,338591
02/09/2021 at 12:40下午 ET,390.59,390.65,390.53,390.61,319204
02/09/2021 at 12:50下午 ET,390.61,390.82,390.55,390.695,423072
02/09/2021 at 01:00下午 ET,390.6981,390.747,390.48,390.51,407962
02/09/2021 at 01:10下午 ET,390.5022,390.5984,390.41,390.489,220303
02/09/2021 at 01:20下午 ET,390.48,390.48,390.19,390.22,399318
02/09/2021 at 01:30下午 ET,390.21,390.41,390.205,390.39,296545
02/09/2021 at 01:40下午 ET,390.395,390.4,390.19,390.2,250013
02/09/2021 at 01:50下午 ET,390.2011,390.44,390.18,390.365,323158
02/09/2021 at 02:00下午 ET,390.36,390.59,390.36,390.5701,522148
02/09/2021 at 02:10下午 ET,390.58,390.65,390.53,390.615,262150
02/09/2021 at 02:20下午 ET,390.62,390.707,390.55,390.6257,367476
02/09/2021 at 02:30下午 ET,390.62,390.88,390.62,390.795,461972
02/09/2021 at 02:40下午 ET,390.79,390.84,390.69,390.76,303048
02/09/2021 at 02:50下午 ET,390.7511,390.84,390.65,390.79,432931
02/09/2021 at 03:00下午 ET,390.79,390.84,390.7,390.75,460024
02/09/2021 at 03:10下午 ET,390.7419,390.85,390.68,390.77,609387
02/09/2021 at 03:20下午 ET,390.76,390.77,390.46,390.485,938079
02/09/2021 at 03:30下午 ET,390.48,390.89,390.48,390.7881,881176
02/09/2021 at 03:40下午 ET,390.79,390.83,390.53,390.56,951061
02/09/2021 at 03:50下午 ET,390.56,390.59,389.89,390.25,3622202
02/09/2021 at 04:00下午 ET,390.25,390.65,390.1433,390.56,1804560
02/09/2021 at 04:10下午 ET,390.55,390.64,390.1528,390.55,203306
02/09/2021 at 04:20下午 ET,390.56,390.64,390.25,390.6,138988
02/09/2021 at 04:30下午 ET,390.59,390.69,390.54,390.6,48098
02/09/2021 at 04:40下午 ET,390.61,390.65,390.58,390.63,32544
02/09/2021 at 04:50下午 ET,390.65,390.77,390.25,390.77,96883
02/09/2021 at 05:00下午 ET,390.78,390.85,390.25,390.8,77112
02/09/2021 at 05:10下午 ET,390.78,390.85,390.78,390.8,15368
02/09/2021 at 05:20下午 ET,390.79,390.8,390.77,390.8,4136
02/09/2021 at 05:30下午 ET,390.77,390.84,390.7,390.74,11666
02/09/2021 at 05:40下午 ET,390.76,390.84,390.73,390.83,10968
02/09/2021 at 05:50下午 ET,390.76,390.84,390.73,390.84,17456
02/09/2021 at 06:00下午 ET,390.84,390.89,390.71,390.74,37699
02/09/2021 at 06:10下午 ET,390.76,390.76,390.71,390.71,6710
02/09/2021 at 06:20下午 ET,390.71,390.75,390.54,390.57,4740
02/09/2021 at 06:30下午 ET,390.63,390.7,390.61,390.7,2484
02/09/2021 at 06:40下午 ET,390.73,390.8,390.72,390.72,15715
02/09/2021 at 06:50下午 ET,390.73,390.73,390.6,390.6,5975
02/09/2021 at 07:00下午 ET,390.6,390.6,390.41,390.45,10239
02/09/2021 at 07:10下午 ET,390.49,390.58,390.41,390.48,4295
02/09/2021 at 07:20下午 ET,390.55,390.7,390.53,390.7,14298
02/09/2021 at 07:30下午 ET,390.61,390.63,390.6,390.61,669
02/09/2021 at 07:40下午 ET,390.61,390.64,390.56,390.63,3080
02/09/2021 at 07:50下午 ET,390.61,390.7,390.61,390.68,4411
02/09/2021 at 08:00下午 ET,390.95,390.95,390.92,390.92,100
02/09/2021 at 08:10下午 ET,390.95,391.5,390.95,391.5,645
02/09/2021 at 08:20下午 ET,391.27,391.3,391.27,391.3,77
02/09/2021 at 08:30下午 ET,391.3,391.3,391.2,391.2,6
02/09/2021 at 08:40下午 ET,391.06,391.48,391.06,391.48,126
02/09/2021 at 08:50下午 ET,391.48,391.5,391.48,391.5,731
02/09/2021 at 09:00下午 ET,391.55,391.55,391.5,391.5,120
02/09/2021 at 09:10下午 ET,391.7,391.7,391.7,391.7,1
02/09/2021 at 09:20下午 ET,391.71,391.71,391.71,391.71,32
02/09/2021 at 09:30下午 ET,391.71,391.71,391.7,391.7,745
02/09/2021 at 09:40下午 ET,391.82,391.82,391.82,391.82,1
02/09/2021 at 09:50下午 ET,391.82,391.83,391.6,391.6,27
02/09/2021 at 10:00下午 ET,391.55,391.55,391.55,391.55,100
02/09/2021 at 10:10下午 ET,391.78,391.78,391.54,391.54,110
02/09/2021 at 11:00下午 ET,391.62,391.62,391.62,391.62,100
02/09/2021 at 11:10下午 ET,391.69,391.69,391.69,391.69,1
02/09/2021 at 11:30下午 ET,391.6,391.6,391.6,391.6,10
02/09/2021 at 11:40下午 ET,391.75,391.75,391.75,391.75,3
02/09/2021 at 11:50下午 ET,391.55,391.55,391.55,391.55,98
02/10/2021 at 12:10上午 ET,391.81,391.81,391.81,391.81,50
02/10/2021 at 12:20上午 ET,391.55,391.81,391.55,391.81,110
02/10/2021 at 01:00上午 ET,391.81,391.81,391.81,391.81,5
02/10/2021 at 01:40上午 ET,391.55,391.55,391.55,391.55,2
02/10/2021 at 02:00上午 ET,391.55,391.55,391.55,391.55,50
02/10/2021 at 02:30上午 ET,391.79,391.99,391.79,391.99,247
02/10/2021 at 02:40上午 ET,392.0,392.0,391.99,391.99,202
02/10/2021 at 03:00上午 ET,391.99,391.99,391.55,391.55,50
02/10/2021 at 04:00上午 ET,391.5,391.7,391.5,391.69,4050
02/10/2021 at 04:10上午 ET,391.65,391.66,391.5,391.5,2752
02/10/2021 at 04:20上午 ET,391.51,391.6,391.51,391.57,5395
02/10/2021 at 04:30上午 ET,391.57,391.62,391.57,391.62,200
02/10/2021 at 04:50上午 ET,391.62,391.62,391.45,391.45,305
02/10/2021 at 05:00上午 ET,391.56,391.6,391.56,391.6,355
02/10/2021 at 05:10上午 ET,391.59,391.59,391.39,391.5,2085
02/10/2021 at 05:20上午 ET,391.47,391.52,391.47,391.5,1000
02/10/2021 at 05:30上午 ET,391.35,391.45,391.35,391.45,4800
02/10/2021 at 05:40上午 ET,391.45,391.5,391.4,391.44,2800
02/10/2021 at 05:50上午 ET,391.46,391.59,391.46,391.58,1300
02/10/2021 at 06:00上午 ET,391.62,391.77,391.61,391.76,3200
02/10/2021 at 06:10上午 ET,391.74,391.76,391.73,391.76,600
02/10/2021 at 06:20上午 ET,391.73,391.9,391.73,391.83,7788
02/10/2021 at 06:30上午 ET,391.62,391.62,391.59,391.59,17403
02/10/2021 at 06:40上午 ET,391.59,391.59,391.5,391.55,1650
02/10/2021 at 06:50上午 ET,391.53,391.8,391.45,391.45,19590
02/10/2021 at 07:00上午 ET,391.45,391.5,391.29,391.49,57669
02/10/2021 at 07:10上午 ET,391.48,391.5,391.44,391.5,12896
02/10/2021 at 07:20上午 ET,391.5,391.51,391.35,391.5,23863
02/10/2021 at 07:30上午 ET,391.49,391.58,391.49,391.54,29533
02/10/2021 at 07:40上午 ET,391.54,391.54,391.41,391.41,13524
02/10/2021 at 07:50上午 ET,391.45,391.53,391.4,391.53,3677
02/10/2021 at 08:00上午 ET,391.49,391.54,391.42,391.48,8918
02/10/2021 at 08:10上午 ET,391.47,391.58,391.42,391.52,10110
02/10/2021 at 08:20上午 ET,391.52,391.53,391.4,391.44,10244
02/10/2021 at 08:30上午 ET,391.55,392.46,391.5,392.26,221363
02/10/2021 at 08:40上午 ET,392.28,392.35,392.18,392.22,73359
02/10/2021 at 08:50上午 ET,392.22,392.27,392.1,392.12,32169
02/10/2021 at 09:00上午 ET,392.12,392.18,392.05,392.17,19467
02/10/2021 at 09:10上午 ET,392.19,392.19,392.02,392.05,24158
02/10/2021 at 09:20上午 ET,392.05,392.13,391.92,392.1,54444
02/10/2021 at 09:30上午 ET,392.12,392.28,391.56,391.79,1621391
02/10/2021 at 09:40上午 ET,391.8,391.95,391.54,391.76,907058
02/10/2021 at 09:50上午 ET,391.77,391.77,391.37,391.54,1024461
02/10/2021 at 10:00上午 ET,391.55,391.93,391.55,391.671,775474
02/10/2021 at 10:10上午 ET,391.675,391.71,390.59,390.63,1462397
02/10/2021 at 10:20上午 ET,390.61,390.62,388.681,389.36,3634026
02/10/2021 at 10:30上午 ET,389.36,389.65,388.52,388.99,3344926
02/10/2021 at 10:40上午 ET,388.984,389.13,387.5,388.4,3124635
02/10/2021 at 10:50上午 ET,388.41,389.77,388.23,389.699,2054851
02/10/2021 at 11:00上午 ET,389.69,389.93,388.85,389.52,1219895
02/10/2021 at 11:10上午 ET,389.51,390.12,389.39,389.839,761156
02/10/2021 at 11:20上午 ET,389.81,390.01,389.23,389.29,912069
02/10/2021 at 11:30上午 ET,389.2881,389.87,388.85,389.5,983716
02/10/2021 at 11:40上午 ET,389.51,389.6,389.295,389.58,522395
02/10/2021 at 11:50上午 ET,389.5701,390.0499,389.38,389.5081,535252
02/10/2021 at 12:00下午 ET,389.49,389.54,388.72,389.05,1020705
02/10/2021 at 12:10下午 ET,389.045,389.56,388.9301,389.37,556439
02/10/2021 at 12:20下午 ET,389.38,389.51,388.66,389.34,662411
02/10/2021 at 12:30下午 ET,389.31,389.38,389.0099,389.1,651603
02/10/2021 at 12:40下午 ET,389.09,389.54,389.03,389.515,454171
02/10/2021 at 12:50下午 ET,389.52,389.81,389.48,389.55,448298
02/10/2021 at 01:00下午 ET,389.55,389.83,389.39,389.68,391480
02/10/2021 at 01:10下午 ET,389.6711,389.74,389.48,389.69,313209
02/10/2021 at 01:20下午 ET,389.7,389.94,389.67,389.87,297040
02/10/2021 at 01:30下午 ET,389.8713,390.1,389.84,390.0244,482923
02/10/2021 at 01:40下午 ET,390.02,390.035,389.54,389.54,371334
02/10/2021 at 01:50下午 ET,389.53,389.745,389.41,389.645,465230
02/10/2021 at 02:00下午 ET,389.65,389.96,389.45,389.74,792482
02/10/2021 at 02:10下午 ET,389.75,389.9,389.51,389.72,480570
02/10/2021 at 02:20下午 ET,389.71,390.41,389.46,390.38,1099455
02/10/2021 at 02:30下午 ET,390.39,390.85,390.2,390.52,1129793
02/10/2021 at 02:40下午 ET,390.515,390.82,390.51,390.785,521131
02/10/2021 at 02:50下午 ET,390.78,390.8281,390.49,390.79,511682
02/10/2021 at 03:00下午 ET,390.7911,391.07,390.7911,390.885,815433
02/10/2021 at 03:10下午 ET,390.89,391.05,390.63,390.74,846249
02/10/2021 at 03:20下午 ET,390.75,390.79,390.19,390.42,888518
02/10/2021 at 03:30下午 ET,390.415,390.6,389.66,389.687,1356518
02/10/2021 at 03:40下午 ET,389.69,389.945,389.4,389.58,1693266
02/10/2021 at 03:50下午 ET,389.6,390.14,389.37,390.1,2918885
02/10/2021 at 04:00下午 ET,390.09,390.51,390.07,390.42,1481214
02/10/2021 at 04:10下午 ET,390.44,390.6,390.24,390.39,617067
02/10/2021 at 04:20下午 ET,390.33,390.44,390.33,390.39,58722
02/10/2021 at 04:30下午 ET,390.39,390.52,390.08,390.37,74711
02/10/2021 at 04:40下午 ET,390.37,390.4,390.27,390.37,22149
02/10/2021 at 04:50下午 ET,390.32,390.42,390.27,390.42,15826
02/10/2021 at 05:00下午 ET,390.43,390.57,390.3,390.44,19316
02/10/2021 at 05:10下午 ET,390.4,390.4,390.3,390.4,10796
02/10/2021 at 05:20下午 ET,390.4,390.43,390.31,390.31,14330
02/10/2021 at 05:30下午 ET,390.3301,390.41,390.3301,390.41,1426
02/10/2021 at 05:40下午 ET,390.35,390.45,390.35,390.37,8232
02/10/2021 at 05:50下午 ET,390.37,390.43,390.35,390.36,5902
02/10/2021 at 06:00下午 ET,390.43,390.45,390.09,390.14,43003
02/10/2021 at 06:10下午 ET,390.17,390.28,390.1,390.28,16748
02/10/2021 at 06:20下午 ET,390.26,390.45,390.23,390.23,14903
02/10/2021 at 06:30下午 ET,390.33,390.41,390.15,390.19,158804
02/10/2021 at 06:40下午 ET,390.19,390.26,390.08,390.25,110307
02/10/2021 at 06:50下午 ET,390.28,390.28,390.16,390.21,3998
02/10/2021 at 07:00下午 ET,390.21,390.21,390.08,390.11,6298
02/10/2021 at 07:10下午 ET,390.17,390.17,389.8,389.92,21096
02/10/2021 at 07:20下午 ET,389.93,389.93,389.73,389.7501,12963
02/10/2021 at 07:30下午 ET,389.8,389.8,389.27,389.45,31945
02/10/2021 at 07:40下午 ET,389.47,389.54,389.2,389.25,9610
02/10/2021 at 07:50下午 ET,389.27,389.3,389.15,389.23,26802
02/10/2021 at 08:10下午 ET,389.3,389.76,389.3,389.76,302
02/10/2021 at 08:20下午 ET,389.68,389.68,389.5,389.5,120
02/10/2021 at 08:30下午 ET,389.5,389.5,389.21,389.27,376
02/10/2021 at 08:40下午 ET,389.55,389.55,389.55,389.55,1
02/10/2021 at 08:50下午 ET,389.45,389.45,389.45,389.45,56
02/10/2021 at 09:00下午 ET,389.5,389.54,389.45,389.54,449
02/10/2021 at 09:20下午 ET,389.54,389.69,389.54,389.69,355
02/10/2021 at 09:30下午 ET,389.5,389.74,389.5,389.74,1524
02/10/2021 at 09:40下午 ET,389.79,389.9,389.79,389.89,124
02/10/2021 at 09:50下午 ET,389.89,389.97,389.89,389.97,61
02/10/2021 at 10:00下午 ET,390.1,390.13,390.1,390.13,97
02/10/2021 at 10:10下午 ET,390.13,390.13,390.12,390.13,240
02/10/2021 at 10:40下午 ET,390.09,390.09,390.09,390.09,1
02/10/2021 at 11:00下午 ET,390.0,390.0,390.0,390.0,48
02/10/2021 at 11:10下午 ET,390.0,390.1,390.0,390.1,50
02/10/2021 at 11:20下午 ET,390.1,390.25,390.1,390.25,1110
02/10/2021 at 11:40下午 ET,390.25,390.25,390.25,390.25,55
02/10/2021 at 11:50下午 ET,390.25,390.36,390.25,390.36,356
02/11/2021 at 12:00上午 ET,390.34,390.34,390.34,390.34,1
02/11/2021 at 12:10上午 ET,390.34,390.34,390.22,390.22,34
02/11/2021 at 01:00上午 ET,390.34,390.34,390.34,390.34,11
02/11/2021 at 01:10上午 ET,390.34,390.34,390.34,390.34,1
02/11/2021 at 01:20上午 ET,390.28,390.28,390.28,390.28,700
02/11/2021 at 01:30上午 ET,390.28,390.36,390.28,390.36,1469
02/11/2021 at 02:00上午 ET,390.4,390.5,390.4,390.5,108
02/11/2021 at 02:20上午 ET,390.11,390.11,390.11,390.11,1
02/11/2021 at 03:40上午 ET,390.55,390.71,390.55,390.71,46
02/11/2021 at 03:50上午 ET,390.86,391.15,390.86,391.15,262
02/11/2021 at 04:00上午 ET,391.04,391.04,390.93,390.95,7010
02/11/2021 at 04:10上午 ET,390.96,391.01,390.9,391.01,5100
02/11/2021 at 04:20上午 ET,391.12,391.26,391.12,391.26,3650
02/11/2021 at 04:30上午 ET,391.09,391.18,391.07,391.15,2972
02/11/2021 at 04:40上午 ET,391.07,391.21,391.07,391.21,3255
02/11/2021 at 04:50上午 ET,391.27,391.27,391.22,391.22,26200
02/11/2021 at 05:00上午 ET,391.2,391.32,391.2,391.32,1651
02/11/2021 at 05:10上午 ET,391.2,391.2,391.15,391.15,4498
02/11/2021 at 05:20上午 ET,391.13,391.14,391.0,391.03,3107
02/11/2021 at 05:30上午 ET,391.04,391.11,391.03,391.07,7812
02/11/2021 at 05:40上午 ET,391.1,391.12,391.1,391.1,926
02/11/2021 at 05:50上午 ET,391.04,391.2,391.04,391.2,810
02/11/2021 at 06:00上午 ET,391.12,391.18,391.08,391.18,11205
02/11/2021 at 06:10上午 ET,391.13,391.27,391.13,391.23,12177
02/11/2021 at 06:20上午 ET,391.18,391.44,391.15,391.38,10442
02/11/2021 at 06:30上午 ET,391.3,391.3,391.14,391.2,3550
02/11/2021 at 06:40上午 ET,391.15,391.15,391.15,391.15,100
02/11/2021 at 06:50上午 ET,391.25,391.27,391.0,391.09,34358
02/11/2021 at 07:00上午 ET,391.07,391.16,390.95,390.96,28612
02/11/2021 at 07:10上午 ET,390.93,391.08,390.93,391.08,6062
02/11/2021 at 07:20上午 ET,391.05,391.11,391.05,391.11,8090
02/11/2021 at 07:30上午 ET,391.15,391.2,391.15,391.18,20516
02/11/2021 at 07:40上午 ET,391.13,391.2,390.96,391.1,12406
02/11/2021 at 07:50上午 ET,391.01,391.05,390.9,390.99,5540
02/11/2021 at 08:00上午 ET,391.02,391.24,391.02,391.21,13999
02/11/2021 at 08:10上午 ET,391.2,391.46,391.15,391.46,35392
02/11/2021 at 08:20上午 ET,391.47,391.47,391.32,391.35,12169
02/11/2021 at 08:30上午 ET,391.3,391.34,391.23,391.28,18352
02/11/2021 at 08:40上午 ET,391.29,391.44,391.29,391.38,10578
02/11/2021 at 08:50上午 ET,391.38,391.38,391.11,391.13,62161
02/11/2021 at 09:00上午 ET,391.17,391.25,391.12,391.19,28151
02/11/2021 at 09:10上午 ET,391.2,391.28,391.05,391.07,65971
02/11/2021 at 09:20上午 ET,391.06,391.41,391.06,391.27,118377
02/11/2021 at 09:30上午 ET,391.25,391.67,391.02,391.5,1535939
02/11/2021 at 09:40上午 ET,391.495,391.69,391.16,391.56,1129738
02/11/2021 at 09:50上午 ET,391.57,391.59,390.36,390.42,1064775
02/11/2021 at 10:00上午 ET,390.44,390.97,390.3201,390.71,686329
02/11/2021 at 10:10上午 ET,390.71,391.06,390.58,390.955,593520
02/11/2021 at 10:20上午 ET,390.955,391.21,390.64,391.0119,557343
02/11/2021 at 10:30上午 ET,391.02,391.049,390.535,390.84,521632
02/11/2021 at 10:40上午 ET,390.84,391.25,390.8301,391.14,513981
02/11/2021 at 10:50上午 ET,391.13,391.37,390.38,390.62,971397
02/11/2021 at 11:00上午 ET,390.62,390.79,390.34,390.515,716231
02/11/2021 at 11:10上午 ET,390.5,390.57,390.15,390.435,660788
02/11/2021 at 11:20上午 ET,390.4389,390.72,390.34,390.635,443314
02/11/2021 at 11:30上午 ET,390.63,390.94,390.63,390.88,383856
02/11/2021 at 11:40上午 ET,390.885,390.94,390.72,390.86,289532
02/11/2021 at 11:50上午 ET,390.87,390.88,390.3227,390.51,403151
02/11/2021 at 12:00下午 ET,390.515,390.7099,390.24,390.275,525457
02/11/2021 at 12:10下午 ET,390.273,390.49,389.21,389.24,871056
02/11/2021 at 12:20下午 ET,389.25,389.6,388.66,388.697,1469061
02/11/2021 at 12:30下午 ET,388.68,389.45,388.66,389.36,1284262
02/11/2021 at 12:40下午 ET,389.36,389.369,388.1,389.0381,1519292
02/11/2021 at 12:50下午 ET,389.04,389.36,388.59,389.335,717709
02/11/2021 at 01:00下午 ET,389.3313,389.368,388.89,388.963,550633
02/11/2021 at 01:10下午 ET,388.97,389.62,388.82,389.48,646325
02/11/2021 at 01:20下午 ET,389.5,389.8715,389.47,389.7,622237
02/11/2021 at 01:30下午 ET,389.7044,389.88,389.53,389.84,354512
02/11/2021 at 01:40下午 ET,389.84,389.99,389.51,389.7,426471
02/11/2021 at 01:50下午 ET,389.69,389.81,389.46,389.51,222193
02/11/2021 at 02:00下午 ET,389.51,389.51,388.89,389.133,763695
02/11/2021 at 02:10下午 ET,389.13,389.32,388.86,389.31,449953
02/11/2021 at 02:20下午 ET,389.31,389.47,388.79,389.34,560459
02/11/2021 at 02:30下午 ET,389.33,389.46,389.02,389.1,432788
02/11/2021 at 02:40下午 ET,389.091,389.64,389.01,389.55,472480
02/11/2021 at 02:50下午 ET,389.555,389.84,389.42,389.7887,522224
02/11/2021 at 03:00下午 ET,389.78,390.08,389.66,390.04,460779
02/11/2021 at 03:10下午 ET,390.03,390.44,389.955,390.145,1102762
02/11/2021 at 03:20下午 ET,390.14,390.47,390.06,390.13,862391
02/11/2021 at 03:30下午 ET,390.14,390.25,390.0,390.04,833879
02/11/2021 at 03:40下午 ET,390.04,390.62,389.9,390.37,1614895
02/11/2021 at 03:50下午 ET,390.35,390.98,390.11,390.73,3314224
02/11/2021 at 04:00下午 ET,390.72,390.76,390.26,390.41,1626562
02/11/2021 at 04:10下午 ET,390.38,390.7509,390.27,390.53,258848
02/11/2021 at 04:20下午 ET,390.52,390.56,390.49,390.55,46151
02/11/2021 at 04:30下午 ET,390.55,390.61,390.47,390.49,109842
02/11/2021 at 04:40下午 ET,390.48,390.71,390.25,390.31,103937
02/11/2021 at 04:50下午 ET,390.31,390.34,390.2,390.27,24955
02/11/2021 at 05:00下午 ET,390.38,390.38,390.25,390.33,2339
02/11/2021 at 05:10下午 ET,390.34,390.45,390.33,390.36,14109
02/11/2021 at 05:20下午 ET,390.3699,390.3699,390.21,390.21,20815
02/11/2021 at 05:30下午 ET,390.21,390.21,390.09,390.09,58946
02/11/2021 at 05:40下午 ET,390.07,390.17,390.05,390.05,56527
02/11/2021 at 05:50下午 ET,390.08,390.15,390.03,390.11,38708
02/11/2021 at 06:00下午 ET,390.15,390.3,389.98,390.29,109372
02/11/2021 at 06:10下午 ET,390.29,390.4,390.21,390.37,6525
02/11/2021 at 06:20下午 ET,390.41,390.45,390.34,390.34,10498
02/11/2021 at 06:30下午 ET,390.33,390.43,390.3,390.43,7419
02/11/2021 at 06:40下午 ET,390.41,390.54,390.39,390.53,8794
02/11/2021 at 06:50下午 ET,390.55,390.7,390.52,390.7,33635
02/11/2021 at 07:00下午 ET,390.71,390.9,390.69,390.89,24925
02/11/2021 at 07:10下午 ET,390.88,390.98,390.71,390.71,19022
02/11/2021 at 07:20下午 ET,390.7,390.71,390.57,390.58,9856
02/11/2021 at 07:30下午 ET,390.56,390.64,390.54,390.6,5228
02/11/2021 at 07:40下午 ET,390.6,390.7,390.52,390.57,18786
02/11/2021 at 07:50下午 ET,390.52,390.52,390.31,390.45,10067
02/11/2021 at 08:30下午 ET,390.55,390.55,390.09,390.09,51
02/11/2021 at 09:10下午 ET,390.38,390.55,390.38,390.55,120
02/11/2021 at 09:20下午 ET,390.47,390.47,390.47,390.47,10
02/11/2021 at 09:40下午 ET,390.17,390.17,390.1,390.1,4918
02/11/2021 at 09:50下午 ET,390.1,390.1,390.1,390.1,3570
02/11/2021 at 10:00下午 ET,390.43,390.43,390.1,390.1,1550
02/11/2021 at 10:30下午 ET,390.1,390.1,390.1,390.1,4
02/11/2021 at 11:00下午 ET,390.47,390.47,390.47,390.47,90
02/11/2021 at 11:10下午 ET,390.47,390.47,390.47,390.47,5
02/12/2021 at 12:00上午 ET,390.46,390.46,390.46,390.46,10
02/12/2021 at 12:40上午 ET,390.46,390.46,390.46,390.46,50
02/12/2021 at 01:40上午 ET,390.26,390.26,390.26,390.26,300
02/12/2021 at 02:00上午 ET,390.4,390.4,390.4,390.4,1
02/12/2021 at 02:10上午 ET,390.22,390.22,390.22,390.22,1
02/12/2021 at 03:00上午 ET,390.22,390.22,390.1,390.1,100
02/12/2021 at 03:30上午 ET,390.1,390.1,389.88,389.88,2925
02/12/2021 at 03:40上午 ET,389.85,389.85,389.7,389.7,1520
02/12/2021 at 04:00上午 ET,389.3,389.6,389.3,389.51,7872
02/12/2021 at 04:10上午 ET,389.46,389.6,389.45,389.53,3150
02/12/2021 at 04:20上午 ET,389.55,389.68,389.55,389.67,4200
02/12/2021 at 04:30上午 ET,389.66,389.67,389.6,389.63,1611
02/12/2021 at 04:40上午 ET,389.81,389.91,389.81,389.89,22388
02/12/2021 at 04:50上午 ET,389.82,389.82,389.69,389.69,650
02/12/2021 at 05:00上午 ET,389.94,390.0,389.94,389.96,1300
02/12/2021 at 05:10上午 ET,389.83,389.9,389.83,389.9,1300
02/12/2021 at 05:20上午 ET,389.99,390.0,389.89,389.96,2090
02/12/2021 at 05:30上午 ET,389.99,389.99,389.93,389.93,400
02/12/2021 at 05:40上午 ET,389.89,390.01,389.89,390.01,450
02/12/2021 at 05:50上午 ET,389.91,390.04,389.91,390.04,2850
02/12/2021 at 06:00上午 ET,390.03,390.03,390.01,390.02,966
02/12/2021 at 06:10上午 ET,389.94,390.0,389.94,389.96,900
02/12/2021 at 06:20上午 ET,389.93,389.98,389.7,389.7,12999
02/12/2021 at 06:30上午 ET,389.74,389.86,389.73,389.83,4599
02/12/2021 at 06:40上午 ET,389.83,389.85,389.8,389.81,1600
02/12/2021 at 06:50上午 ET,389.86,390.03,389.85,389.99,17652
02/12/2021 at 07:00上午 ET,390.04,390.36,390.0,390.0,17298
02/12/2021 at 07:10上午 ET,390.0,390.09,389.97,390.01,9141
02/12/2021 at 07:20上午 ET,390.02,390.1,390.02,390.06,15389
02/12/2021 at 07:30上午 ET,390.1,390.35,390.1,390.18,22725
02/12/2021 at 07:40上午 ET,390.13,390.21,389.99,390.04,7562
02/12/2021 at 07:50上午 ET,390.03,390.16,390.03,390.13,15808
02/12/2021 at 08:00上午 ET,390.12,390.71,390.12,390.29,24737
02/12/2021 at 08:10上午 ET,390.28,390.3,390.11,390.23,4641
02/12/2021 at 08:20上午 ET,390.1,390.16,389.95,390.16,19440
02/12/2021 at 08:30上午 ET,390.13,390.15,390.11,390.11,6434
02/12/2021 at 08:40上午 ET,390.15,390.17,389.97,389.97,7788
02/12/2021 at 08:50上午 ET,390.0,390.04,389.59,389.69,44824
02/12/2021 at 09:00上午 ET,389.67,389.83,389.63,389.69,39406
02/12/2021 at 09:10上午 ET,389.74,389.8,389.61,389.69,23167
02/12/2021 at 09:20上午 ET,389.69,389.85,389.69,389.85,111580
02/12/2021 at 09:30上午 ET,389.85,390.38,389.77,390.3188,1638132
02/12/2021 at 09:40上午 ET,390.32,390.6,390.31,390.5399,996372
02/12/2021 at 09:50上午 ET,390.54,390.64,390.27,390.35,597427
02/12/2021 at 10:00上午 ET,390.32,390.66,390.27,390.63,581630
02/12/2021 at 10:10上午 ET,390.61,390.74,390.31,390.4,600278
02/12/2021 at 10:20上午 ET,390.41,390.67,390.36,390.495,450455
02/12/2021 at 10:30上午 ET,390.495,391.28,390.05,391.1099,917863
02/12/2021 at 10:40上午 ET,391.105,391.47,391.103,391.37,978522
02/12/2021 at 10:50上午 ET,391.3719,391.48,391.18,391.28,402684
02/12/2021 at 11:00上午 ET,391.2719,391.39,391.03,391.115,628295
02/12/2021 at 11:10上午 ET,391.11,391.44,391.11,391.35,401383
02/12/2021 at 11:20上午 ET,391.36,391.39,391.19,391.33,317033
02/12/2021 at 11:30上午 ET,391.33,391.63,391.22,391.33,615136
02/12/2021 at 11:40上午 ET,391.31,391.455,391.22,391.37,300464
02/12/2021 at 11:50上午 ET,391.38,391.46,391.25,391.37,299897
02/12/2021 at 12:00下午 ET,391.37,391.62,391.34,391.53,269487
02/12/2021 at 12:10下午 ET,391.52,391.56,391.3519,391.3701,232675
02/12/2021 at 12:20下午 ET,391.37,391.405,391.22,391.23,344351
02/12/2021 at 12:30下午 ET,391.2313,391.25,390.98,391.1,408758
02/12/2021 at 12:40下午 ET,391.095,391.29,390.965,391.265,326885
02/12/2021 at 12:50下午 ET,391.2619,391.29,391.075,391.185,333049
02/12/2021 at 01:00下午 ET,391.185,391.26,391.1,391.12,193773
02/12/2021 at 01:10下午 ET,391.115,391.16,390.63,390.77,697587
02/12/2021 at 01:20下午 ET,390.77,390.955,390.51,390.945,720640
02/12/2021 at 01:30下午 ET,390.945,391.22,390.91,391.079,320407
02/12/2021 at 01:40下午 ET,391.07,391.15,390.95,391.04,186490
02/12/2021 at 01:50下午 ET,391.05,391.09,390.65,390.85,420644
02/12/2021 at 02:00下午 ET,390.8482,390.87,390.55,390.779,649232
02/12/2021 at 02:10下午 ET,390.78,390.83,390.56,390.829,430804
02/12/2021 at 02:20下午 ET,390.8299,390.93,390.73,390.9143,445690
02/12/2021 at 02:30下午 ET,390.901,390.94,390.65,390.79,336725
02/12/2021 at 02:40下午 ET,390.78,391.16,390.64,391.11,339430
02/12/2021 at 02:50下午 ET,391.115,391.18,391.02,391.1,436485
02/12/2021 at 03:00下午 ET,391.1,391.29,391.03,391.19,372028
02/12/2021 at 03:10下午 ET,391.1948,391.35,391.17,391.22,552620
02/12/2021 at 03:20下午 ET,391.22,391.44,391.21,391.41,429860
02/12/2021 at 03:30下午 ET,391.41,391.94,391.36,391.89,1596076
02/12/2021 at 03:40下午 ET,391.89,392.18,391.8301,392.17,2064606
02/12/2021 at 03:50下午 ET,392.16,392.9,392.15,392.69,8295772
02/12/2021 at 04:00下午 ET,392.7,393.08,392.61,393.06,2450436
02/12/2021 at 04:10下午 ET,393.08,393.11,392.606,393.06,938055
02/12/2021 at 04:20下午 ET,393.07,393.12,393.0,393.11,101112
02/12/2021 at 04:30下午 ET,393.1,393.18,393.04,393.14,134927
02/12/2021 at 04:40下午 ET,393.13,393.19,393.12,393.12,54814
02/12/2021 at 04:50下午 ET,393.13,393.2,393.12,393.15,70958
02/12/2021 at 05:00下午 ET,393.15,393.16,392.64,393.11,529690
02/12/2021 at 05:10下午 ET,393.1,393.11,393.05,393.1,48415
02/12/2021 at 05:20下午 ET,393.1,393.13,393.07,393.07,36497
02/12/2021 at 05:30下午 ET,393.0601,393.1,393.0601,393.1,27661
02/12/2021 at 05:40下午 ET,393.1,393.11,393.09,393.1,38529
02/12/2021 at 05:50下午 ET,393.06,393.08,393.01,393.01,77416
02/12/2021 at 06:00下午 ET,393.01,393.03,392.96,392.96,55412
02/12/2021 at 06:10下午 ET,392.96,393.1,392.78,392.78,44595
02/12/2021 at 06:20下午 ET,392.84,393.05,392.73,392.96,13623
02/12/2021 at 06:30下午 ET,392.93,392.96,392.93,392.96,407
02/12/2021 at 06:40下午 ET,392.99,393.05,392.99,393.05,704
02/12/2021 at 06:50下午 ET,393.08,393.1,393.08,393.08,555
02/12/2021 at 07:00下午 ET,393.1,393.1,393.05,393.05,500
02/12/2021 at 07:10下午 ET,393.02,393.05,392.98,393.04,3463
02/12/2021 at 07:20下午 ET,393.02,393.04,393.02,393.03,1625
02/12/2021 at 07:30下午 ET,393.03,393.13,393.0,393.12,3131
02/12/2021 at 07:40下午 ET,393.06,393.15,392.99,393.05,5580
02/12/2021 at 07:50下午 ET,393.09,393.2,393.03,393.1,4292
02/15/2021 at 08:00下午 ET,394.2,395.0,394.2,394.9,994
02/15/2021 at 08:10下午 ET,394.9,395.26,394.9,394.9,6437
02/15/2021 at 08:20下午 ET,395.0,395.76,395.0,395.61,728
02/15/2021 at 08:30下午 ET,395.24,395.35,395.24,395.24,218
02/15/2021 at 08:40下午 ET,395.4,395.42,395.35,395.35,132
02/15/2021 at 08:50下午 ET,395.0,395.0,395.0,395.0,10
02/15/2021 at 09:10下午 ET,395.19,395.19,395.12,395.12,108
02/15/2021 at 09:20下午 ET,395.03,395.5,395.03,395.44,366
02/15/2021 at 09:30下午 ET,395.5,395.5,395.35,395.35,11
02/15/2021 at 09:40下午 ET,395.35,395.35,395.35,395.35,115
02/15/2021 at 09:50下午 ET,395.35,395.35,395.35,395.35,35
02/15/2021 at 10:00下午 ET,395.11,395.11,395.09,395.09,51
02/15/2021 at 10:10下午 ET,395.25,395.25,395.15,395.25,5
02/15/2021 at 10:20下午 ET,395.1,395.1,395.1,395.1,400
02/15/2021 at 10:30下午 ET,395.44,395.44,395.44,395.44,5
02/15/2021 at 10:40下午 ET,395.45,395.5,395.45,395.45,104
02/15/2021 at 10:50下午 ET,395.45,395.45,395.4,395.4,8
02/15/2021 at 11:00下午 ET,395.5,395.5,395.5,395.5,1
02/15/2021 at 11:20下午 ET,395.35,395.35,395.22,395.22,100
02/15/2021 at 11:40下午 ET,395.36,395.36,395.36,395.36,6
02/16/2021 at 12:00上午 ET,395.22,395.35,394.99,394.99,3144
02/16/2021 at 12:10上午 ET,395.2,395.2,394.78,394.78,15730
02/16/2021 at 12:20上午 ET,394.77,394.78,394.64,394.68,21226
02/16/2021 at 12:30上午 ET,395.0,395.15,395.0,395.0,2082
02/16/2021 at 12:40上午 ET,394.54,394.54,394.54,394.54,100
02/16/2021 at 12:50上午 ET,394.9,394.9,394.9,394.9,12
02/16/2021 at 01:00上午 ET,395.0,395.0,394.85,395.0,14
02/16/2021 at 01:20上午 ET,395.02,395.05,395.02,395.05,52
02/16/2021 at 01:30上午 ET,395.05,395.05,395.05,395.05,6
02/16/2021 at 01:40上午 ET,395.1,395.2,395.1,395.2,6008
02/16/2021 at 01:50上午 ET,395.15,395.15,395.05,395.05,16009
02/16/2021 at 02:00上午 ET,395.2,395.26,395.15,395.19,5330
02/16/2021 at 02:10上午 ET,395.22,395.22,395.22,395.22,650
02/16/2021 at 02:20上午 ET,395.2,395.2,395.1,395.1,50
02/16/2021 at 02:30上午 ET,395.15,395.15,395.0,395.15,155
02/16/2021 at 02:40上午 ET,395.15,395.15,394.95,394.95,5193
02/16/2021 at 02:50上午 ET,395.1,395.1,395.0,395.0,732
02/16/2021 at 03:00上午 ET,395.1,395.15,395.05,395.15,1991
02/16/2021 at 03:10上午 ET,395.05,395.15,395.05,395.15,761
02/16/2021 at 03:20上午 ET,395.15,395.15,395.15,395.15,341
02/16/2021 at 03:30上午 ET,395.15,395.15,394.9,394.9,903
02/16/2021 at 03:40上午 ET,394.85,395.07,394.85,395.0,2010
02/16/2021 at 04:00上午 ET,394.4,394.79,394.4,394.65,6025
02/16/2021 at 04:10上午 ET,394.58,394.69,394.44,394.44,5451
02/16/2021 at 04:20上午 ET,394.47,394.54,394.4,394.48,4300
02/16/2021 at 04:30上午 ET,394.45,394.5,394.22,394.23,6905
02/16/2021 at 04:40上午 ET,394.45,394.6,394.45,394.6,2195
02/16/2021 at 04:50上午 ET,394.6,394.67,394.57,394.65,10062
02/16/2021 at 05:00上午 ET,394.65,394.76,394.65,394.76,4895
02/16/2021 at 05:10上午 ET,394.64,394.64,394.59,394.64,5062
02/16/2021 at 05:20上午 ET,394.59,394.59,394.51,394.55,1269
02/16/2021 at 05:30上午 ET,394.59,394.64,394.59,394.64,1700
02/16/2021 at 05:40上午 ET,394.67,394.77,394.67,394.77,614
02/16/2021 at 05:50上午 ET,394.77,394.77,394.67,394.67,2062
02/16/2021 at 06:00上午 ET,394.67,394.67,394.33,394.33,7630
02/16/2021 at 06:10上午 ET,394.39,394.41,394.36,394.4,3880
02/16/2021 at 06:20上午 ET,394.51,394.68,394.51,394.68,16190
02/16/2021 at 06:30上午 ET,394.69,394.87,394.69,394.74,23859
02/16/2021 at 06:40上午 ET,394.81,395.0,394.81,394.99,14470
02/16/2021 at 06:50上午 ET,394.77,394.97,394.73,394.97,48797
02/16/2021 at 07:00上午 ET,394.96,395.0,394.77,394.9,53611
02/16/2021 at 07:10上午 ET,394.92,395.05,394.86,394.95,10148
02/16/2021 at 07:20上午 ET,394.95,394.97,394.78,394.79,19494
02/16/2021 at 07:30上午 ET,394.75,394.81,394.72,394.76,12159
02/16/2021 at 07:40上午 ET,394.79,394.79,394.68,394.77,28011
02/16/2021 at 07:50上午 ET,394.81,394.84,394.7,394.7,78257
02/16/2021 at 08:00上午 ET,394.7,394.74,394.33,394.58,41878
02/16/2021 at 08:10上午 ET,394.56,394.6,394.5,394.6,11811
02/16/2021 at 08:20上午 ET,394.57,394.64,394.56,394.61,7489
02/16/2021 at 08:30上午 ET,394.64,394.64,394.22,394.3,68813
02/16/2021 at 08:40上午 ET,394.27,394.285,394.0,394.27,80625
02/16/2021 at 08:50上午 ET,394.25,394.34,393.9,394.0,51742
02/16/2021 at 09:00上午 ET,393.96,394.06,393.6,394.01,106432
02/16/2021 at 09:10上午 ET,394.02,394.04,393.72,393.88,73022
02/16/2021 at 09:20上午 ET,393.85,394.03,393.76,394.02,93403
02/16/2021 at 09:30上午 ET,393.97,394.1,393.34,393.7,2239041
02/16/2021 at 09:40上午 ET,393.71,394.17,393.255,393.98,1272278
02/16/2021 at 09:50上午 ET,393.99,394.12,393.64,393.6799,713104
02/16/2021 at 10:00上午 ET,393.72,393.98,393.51,393.71,837988
02/16/2021 at 10:10上午 ET,393.69,393.74,392.82,393.43,1151710
02/16/2021 at 10:20上午 ET,393.435,394.04,393.403,394.02,971020
02/16/2021 at 10:30上午 ET,394.04,394.16,393.96,394.14,1043618
02/16/2021 at 10:40上午 ET,394.13,394.15,393.01,393.2,1234434
02/16/2021 at 10:50上午 ET,393.18,393.37,392.4,393.22,1760157
02/16/2021 at 11:00上午 ET,393.21,393.37,392.746,392.78,757614
02/16/2021 at 11:10上午 ET,392.8,393.13,392.73,392.9219,680471
02/16/2021 at 11:20上午 ET,392.9122,393.08,392.42,392.59,768829
02/16/2021 at 11:30上午 ET,392.59,392.92,392.165,392.82,1166393
02/16/2021 at 11:40上午 ET,392.82,392.93,392.23,392.23,620541
02/16/2021 at 11:50上午 ET,392.23,392.42,391.91,392.07,966591
02/16/2021 at 12:00下午 ET,392.06,392.57,391.56,391.575,1128580
02/16/2021 at 12:10下午 ET,391.56,392.51,391.53,392.3727,1088784
02/16/2021 at 12:20下午 ET,392.36,392.8899,392.34,392.81,749655
02/16/2021 at 12:30下午 ET,392.82,392.95,392.5084,392.5101,730983
02/16/2021 at 12:40下午 ET,392.5144,392.7899,392.47,392.58,438308
02/16/2021 at 12:50下午 ET,392.56,392.91,392.46,392.875,399741
02/16/2021 at 01:00下午 ET,392.89,393.08,392.79,392.885,486255
02/16/2021 at 01:10下午 ET,392.8856,393.03,392.6816,392.695,398627
02/16/2021 at 01:20下午 ET,392.69,393.02,392.69,392.9189,234226
02/16/2021 at 01:30下午 ET,392.9,393.2,392.84,392.94,623950
02/16/2021 at 01:40下午 ET,392.94,392.97,392.6,392.86,602913
02/16/2021 at 01:50下午 ET,392.85,392.87,392.47,392.5,500922
02/16/2021 at 02:00下午 ET,392.51,392.86,392.5,392.7819,468601
02/16/2021 at 02:10下午 ET,392.7844,392.97,392.61,392.9682,387774
02/16/2021 at 02:20下午 ET,392.97,393.21,392.92,393.1999,562234
02/16/2021 at 02:30下午 ET,393.2,393.29,392.94,393.06,789491
02/16/2021 at 02:40下午 ET,393.06,393.08,392.77,392.94,503065
02/16/2021 at 02:50下午 ET,392.93,392.94,392.47,392.8301,547120
02/16/2021 at 03:00下午 ET,392.8319,393.0,392.37,392.8719,668380
02/16/2021 at 03:10下午 ET,392.87,392.97,392.4901,392.5916,1166896
02/16/2021 at 03:20下午 ET,392.59,392.9,392.55,392.71,952114
02/16/2021 at 03:30下午 ET,392.7,392.9388,392.29,392.403,925653
02/16/2021 at 03:40下午 ET,392.4,392.76,392.33,392.49,1338167
02/16/2021 at 03:50下午 ET,392.5,392.66,392.01,392.34,3465700
02/16/2021 at 04:00下午 ET,392.35,392.61,392.11,392.35,2547671
02/16/2021 at 04:10下午 ET,392.35,392.4304,392.17,392.2,1305823
02/16/2021 at 04:20下午 ET,392.24,392.25,392.1,392.2,106631
02/16/2021 at 04:30下午 ET,392.21,392.47,392.18,392.4,44729
02/16/2021 at 04:40下午 ET,392.4,392.56,392.36,392.56,63704
02/16/2021 at 04:50下午 ET,392.58,392.61,392.5,392.54,32062
02/16/2021 at 05:00下午 ET,392.5,392.6,392.5,392.6,7585
02/16/2021 at 05:10下午 ET,392.52,392.52,392.4,392.44,40455
02/16/2021 at 05:20下午 ET,392.4,392.4,392.36,392.4,25276
02/16/2021 at 05:30下午 ET,392.38,392.58,392.36,392.53,22528
02/16/2021 at 05:40下午 ET,392.46,392.54,392.42,392.42,8701
02/16/2021 at 05:50下午 ET,392.43,392.5,392.43,392.46,1792
02/16/2021 at 06:00下午 ET,392.5,392.72,392.13,392.15,78017
02/16/2021 at 06:10下午 ET,392.23,392.29,392.03,392.2,56751
02/16/2021 at 06:20下午 ET,392.28,392.4,392.19,392.2,17159
02/16/2021 at 06:30下午 ET,392.33,392.33,392.0,392.23,48529
02/16/2021 at 06:40下午 ET,392.14,392.29,391.8,392.0,32375
02/16/2021 at 06:50下午 ET,391.98,391.98,391.66,391.73,25679
02/16/2021 at 07:00下午 ET,391.71,391.72,391.49,391.6,28921
02/16/2021 at 07:10下午 ET,391.66,391.67,391.25,391.25,31292
02/16/2021 at 07:20下午 ET,391.39,391.49,391.25,391.43,8921
02/16/2021 at 07:30下午 ET,391.53,391.69,391.51,391.51,7599
02/16/2021 at 07:40下午 ET,391.57,391.57,391.27,391.27,7580
02/16/2021 at 07:50下午 ET,391.26,391.51,391.26,391.47,20800
02/16/2021 at 08:00下午 ET,391.66,391.66,391.22,391.3,2160
02/16/2021 at 08:20下午 ET,391.37,391.46,391.37,391.46,103
02/16/2021 at 08:30下午 ET,391.46,391.46,391.46,391.46,57
02/16/2021 at 08:40下午 ET,391.53,391.63,391.53,391.58,1523
02/16/2021 at 08:50下午 ET,391.63,391.63,391.6,391.62,750
02/16/2021 at 09:00下午 ET,391.63,391.64,391.6,391.6,120
02/16/2021 at 09:10下午 ET,391.69,391.89,391.69,391.89,822
02/16/2021 at 09:20下午 ET,391.92,391.98,391.92,391.98,279
02/16/2021 at 09:30下午 ET,391.99,392.2,391.75,391.75,302
02/16/2021 at 09:40下午 ET,391.76,392.16,391.76,392.16,502
02/16/2021 at 09:50下午 ET,392.16,392.36,392.16,392.16,1902
02/16/2021 at 10:00下午 ET,392.21,392.35,392.21,392.35,1317
02/16/2021 at 10:10下午 ET,392.35,392.48,392.35,392.48,912
02/16/2021 at 10:20下午 ET,392.33,392.4,392.09,392.4,504
02/16/2021 at 10:30下午 ET,392.4,392.4,392.4,392.4,4
02/16/2021 at 10:40下午 ET,392.1,392.1,392.1,392.1,2
02/16/2021 at 10:50下午 ET,392.4,392.67,392.4,392.67,4326
02/16/2021 at 11:00下午 ET,392.4,392.4,392.4,392.4,6
02/16/2021 at 11:20下午 ET,392.4,392.4,392.1,392.4,26
02/16/2021 at 11:30下午 ET,392.63,392.63,392.63,392.63,1000
02/16/2021 at 11:40下午 ET,392.5,392.5,392.5,392.5,50
02/16/2021 at 11:50下午 ET,392.55,392.6,392.4,392.4,150
02/17/2021 at 12:00上午 ET,392.4,392.4,392.4,392.4,20
02/17/2021 at 12:10上午 ET,392.31,392.53,392.31,392.5,101
02/17/2021 at 12:20上午 ET,392.53,392.53,392.53,392.53,250
02/17/2021 at 12:30上午 ET,392.6,392.75,392.6,392.6,237
02/17/2021 at 12:50上午 ET,392.6,392.6,392.6,392.6,10
02/17/2021 at 01:10上午 ET,392.6,392.6,392.6,392.6,50
02/17/2021 at 01:20上午 ET,392.6,393.0,392.6,393.0,376
02/17/2021 at 01:30上午 ET,393.0,393.0,393.0,393.0,9624
02/17/2021 at 01:40上午 ET,392.98,392.98,392.98,392.98,25
02/17/2021 at 01:50上午 ET,392.98,392.98,392.98,392.98,25
02/17/2021 at 02:00上午 ET,392.65,392.65,392.65,392.65,74
02/17/2021 at 02:10上午 ET,392.51,392.51,392.51,392.51,26
02/17/2021 at 02:20上午 ET,392.5,392.5,392.5,392.5,3
02/17/2021 at 02:30上午 ET,392.5,392.5,392.25,392.25,851
02/17/2021 at 02:40上午 ET,392.2,392.33,392.2,392.33,210
02/17/2021 at 02:50上午 ET,392.45,392.45,392.45,392.45,50
02/17/2021 at 03:00上午 ET,392.04,392.04,391.83,391.83,4098
02/17/2021 at 03:10上午 ET,391.83,391.83,391.83,391.83,10
02/17/2021 at 03:50上午 ET,392.6,392.75,392.6,392.75,26
02/17/2021 at 04:00上午 ET,392.39,392.74,392.39,392.44,18566
02/17/2021 at 04:10上午 ET,392.49,392.49,392.1,392.14,7500
02/17/2021 at 04:20上午 ET,392.19,392.33,392.19,392.27,1100
02/17/2021 at 04:30上午 ET,392.29,392.3,391.8,391.85,5421
02/17/2021 at 04:40上午 ET,391.92,391.98,391.77,391.77,4600
02/17/2021 at 04:50上午 ET,391.84,391.95,391.84,391.95,2100
02/17/2021 at 05:00上午 ET,391.95,392.04,391.95,392.04,1050
02/17/2021 at 05:10上午 ET,392.17,392.25,392.1,392.12,600
02/17/2021 at 05:20上午 ET,392.26,392.26,392.26,392.26,300
02/17/2021 at 05:30上午 ET,392.3,392.3,392.26,392.26,900
02/17/2021 at 05:40上午 ET,392.21,392.34,392.21,392.26,1300
02/17/2021 at 05:50上午 ET,392.23,392.23,392.04,392.09,29000
02/17/2021 at 06:00上午 ET,392.14,392.28,392.0,392.1,7650
02/17/2021 at 06:10上午 ET,392.07,392.17,391.97,391.98,2500
02/17/2021 at 06:20上午 ET,392.06,392.14,392.06,392.14,200
02/17/2021 at 06:30上午 ET,392.17,392.2,392.17,392.2,500
02/17/2021 at 06:40上午 ET,392.27,392.27,392.27,392.27,1900
02/17/2021 at 06:50上午 ET,392.29,392.34,392.25,392.34,13380
02/17/2021 at 07:00上午 ET,392.31,392.42,392.25,392.37,22547
02/17/2021 at 07:10上午 ET,392.33,392.33,392.22,392.29,29161
02/17/2021 at 07:20上午 ET,392.3,392.3,392.23,392.3,10596
02/17/2021 at 07:30上午 ET,392.3,392.67,392.25,392.58,22917
02/17/2021 at 07:40上午 ET,392.59,392.66,392.54,392.66,96031
02/17/2021 at 07:50上午 ET,392.66,392.68,392.56,392.56,6779
02/17/2021 at 08:00上午 ET,392.59,392.65,392.3,392.5,106570
02/17/2021 at 08:10上午 ET,392.53,392.6,392.18,392.29,106173
02/17/2021 at 08:20上午 ET,392.26,392.37,392.0,392.19,150675
02/17/2021 at 08:30上午 ET,392.33,392.37,391.67,392.18,175723
02/17/2021 at 08:40上午 ET,392.21,392.21,391.53,391.63,59548
02/17/2021 at 08:50上午 ET,391.64,391.82,390.83,391.34,214346
02/17/2021 at 09:00上午 ET,391.36,391.59,390.55,390.63,104302
02/17/2021 at 09:10上午 ET,390.69,391.0,390.39,390.94,179420
02/17/2021 at 09:20上午 ET,390.89,390.89,390.39,390.47,91568
02/17/2021 at 09:30上午 ET,390.42,390.69,389.33,390.089,3858276
02/17/2021 at 09:40上午 ET,390.07,391.085,389.91,391.02,1444047
02/17/2021 at 09:50上午 ET,391.04,391.67,391.01,391.06,1617086
02/17/2021 at 10:00上午 ET,391.06,391.59,390.82,391.5622,1097933
02/17/2021 at 10:10上午 ET,391.58,391.72,390.67,390.97,1076847
02/17/2021 at 10:20上午 ET,390.965,391.27,390.2222,390.485,1242988
02/17/2021 at 10:30上午 ET,390.49,390.92,390.06,390.63,1108674
02/17/2021 at 10:40上午 ET,390.635,391.22,390.2,391.2,1146016
02/17/2021 at 10:50上午 ET,391.19,391.38,390.96,391.1901,1179390
02/17/2021 at 11:00上午 ET,391.18,391.27,390.25,390.57,662343
02/17/2021 at 11:10上午 ET,390.57,390.58,389.62,389.63,1381210
02/17/2021 at 11:20上午 ET,389.635,390.33,389.615,390.14,913257
02/17/2021 at 11:30上午 ET,390.14,390.34,389.4901,389.56,959894
02/17/2021 at 11:40上午 ET,389.55,390.33,389.48,390.24,1238204
02/17/2021 at 11:50上午 ET,390.24,390.69,390.11,390.56,705581
02/17/2021 at 12:00下午 ET,390.56,390.77,390.45,390.63,522783
02/17/2021 at 12:10下午 ET,390.633,390.7,390.3619,390.49,413979
02/17/2021 at 12:20下午 ET,390.49,390.903,390.36,390.903,438273
02/17/2021 at 12:30下午 ET,390.905,391.07,390.81,390.94,379980
02/17/2021 at 12:40下午 ET,390.95,391.315,390.87,391.2719,548848
02/17/2021 at 12:50下午 ET,391.27,391.29,391.0,391.0287,371523
02/17/2021 at 01:00下午 ET,391.02,391.56,390.95,391.5,622228
02/17/2021 at 01:10下午 ET,391.5,391.5199,391.3,391.3699,460651
02/17/2021 at 01:20下午 ET,391.37,391.6,391.12,391.53,330377
02/17/2021 at 01:30下午 ET,391.5211,391.545,391.26,391.345,312739
02/17/2021 at 01:40下午 ET,391.3419,391.54,391.2,391.21,426725
02/17/2021 at 01:50下午 ET,391.205,391.55,391.17,391.27,471280
02/17/2021 at 02:00下午 ET,391.27,392.14,391.27,392.0102,983707
02/17/2021 at 02:10下午 ET,392.02,392.025,391.67,391.82,448422
02/17/2021 at 02:20下午 ET,391.8199,391.84,391.325,391.38,696184
02/17/2021 at 02:30下午 ET,391.38,391.66,391.26,391.6,559652
02/17/2021 at 02:40下午 ET,391.61,391.845,391.47,391.7599,435234
02/17/2021 at 02:50下午 ET,391.76,391.97,391.655,391.84,402043
02/17/2021 at 03:00下午 ET,391.84,392.16,391.77,392.14,715377
02/17/2021 at 03:10下午 ET,392.13,392.15,391.98,392.09,638720
02/17/2021 at 03:20下午 ET,392.09,392.4,392.0632,392.16,991539
02/17/2021 at 03:30下午 ET,392.16,392.51,392.02,392.429,1069963
02/17/2021 at 03:40下午 ET,392.4206,392.54,392.223,392.45,1166152
02/17/2021 at 03:50下午 ET,392.46,392.66,392.285,392.43,2972779
02/17/2021 at 04:00下午 ET,392.435,392.46,391.536,392.27,2858855
02/17/2021 at 04:10下午 ET,392.28,392.368,392.2,392.24,391731
02/17/2021 at 04:20下午 ET,392.24,392.25,392.13,392.175,80077
02/17/2021 at 04:30下午 ET,392.19,392.32,392.14,392.26,176111
02/17/2021 at 04:40下午 ET,392.28,392.31,392.2,392.2,52875
02/17/2021 at 04:50下午 ET,392.21,392.37,392.16,392.34,66424
02/17/2021 at 05:00下午 ET,392.37,392.39,392.3,392.37,129709
02/17/2021 at 05:10下午 ET,392.38,392.45,392.36,392.45,15421
02/17/2021 at 05:20下午 ET,392.45,392.47,392.42,392.44,12159
02/17/2021 at 05:30下午 ET,392.45,392.5,392.39,392.48,31403
02/17/2021 at 05:40下午 ET,392.47,392.5,392.45,392.49,37863
02/17/2021 at 05:50下午 ET,392.47,392.5,392.44,392.46,18817
02/17/2021 at 06:00下午 ET,392.46,392.5,392.12,392.19,52210
02/17/2021 at 06:10下午 ET,392.34,392.41,392.31,392.35,10524
02/17/2021 at 06:20下午 ET,392.35,392.35,392.1,392.17,22508
02/17/2021 at 06:30下午 ET,392.23,392.33,392.19,392.29,3774
02/17/2021 at 06:40下午 ET,392.33,392.41,392.33,392.39,8081
02/17/2021 at 06:50下午 ET,392.44,392.69,392.44,392.59,9911
02/17/2021 at 07:00下午 ET,392.67,393.05,392.67,393.05,42575
02/17/2021 at 07:10下午 ET,393.01,393.03,392.85,392.85,8559
02/17/2021 at 07:20下午 ET,392.9,392.94,392.81,392.9,3500
02/17/2021 at 07:30下午 ET,392.92,393.13,392.82,393.13,10940
02/17/2021 at 07:40下午 ET,393.15,393.2,393.06,393.08,10990
02/17/2021 at 07:50下午 ET,393.1,393.13,392.93,393.09,29154
02/17/2021 at 08:00下午 ET,392.89,393.27,392.89,393.27,3
02/17/2021 at 08:10下午 ET,393.27,393.27,393.27,393.27,10
02/17/2021 at 08:20下午 ET,392.87,392.87,392.86,392.86,500
02/17/2021 at 08:30下午 ET,392.9,392.9,392.68,392.68,1786
02/17/2021 at 08:40下午 ET,392.56,392.66,392.4,392.5,10689
02/17/2021 at 08:50下午 ET,392.5,392.66,392.45,392.45,80
02/17/2021 at 09:00下午 ET,392.6,392.6,392.4,392.4,566
02/17/2021 at 09:10下午 ET,392.5,392.85,392.5,392.85,699
02/17/2021 at 09:20下午 ET,392.66,392.66,392.66,392.66,500
02/17/2021 at 09:30下午 ET,392.53,392.53,392.53,392.53,100
02/17/2021 at 09:40下午 ET,392.51,392.85,392.5,392.85,5
02/17/2021 at 09:50下午 ET,392.9,393.0,392.75,393.0,2018
02/17/2021 at 10:00下午 ET,393.1,393.1,392.75,392.75,69
02/17/2021 at 10:10下午 ET,392.76,392.76,392.76,392.76,2
02/17/2021 at 10:20下午 ET,392.76,392.76,392.4,392.4,4217
02/17/2021 at 10:30下午 ET,392.4,392.4,392.2,392.26,560
02/17/2021 at 10:40下午 ET,392.26,392.44,392.2,392.23,1150
02/17/2021 at 10:50下午 ET,392.3,392.3,392.23,392.23,662
02/17/2021 at 11:00下午 ET,392.3,392.3,391.77,391.77,2918
02/17/2021 at 11:10下午 ET,391.75,391.75,391.71,391.75,1609
02/17/2021 at 11:20下午 ET,391.75,391.87,391.75,391.87,3032
02/17/2021 at 11:30下午 ET,391.87,391.87,391.87,391.87,3
02/17/2021 at 11:50下午 ET,391.87,391.87,391.83,391.83,101
02/18/2021 at 12:00上午 ET,391.87,391.87,391.86,391.86,405
02/18/2021 at 12:10上午 ET,391.87,391.9,391.87,391.9,927
02/18/2021 at 12:20上午 ET,392.18,392.18,392.18,392.18,1
02/18/2021 at 12:30上午 ET,391.85,391.85,391.85,391.85,2
02/18/2021 at 01:20上午 ET,391.99,392.0,391.99,392.0,31
02/18/2021 at 01:40上午 ET,391.77,391.77,391.77,391.77,24
02/18/2021 at 02:10上午 ET,391.75,391.75,391.5,391.5,7219
02/18/2021 at 02:30上午 ET,391.7,391.7,391.7,391.7,500
02/18/2021 at 03:20上午 ET,391.45,391.45,391.38,391.38,1400
02/18/2021 at 04:00上午 ET,392.16,392.16,391.79,391.82,4473
02/18/2021 at 04:10上午 ET,391.73,391.74,391.5,391.5,867
02/18/2021 at 04:20上午 ET,391.55,391.6,391.46,391.6,600
02/18/2021 at 04:30上午 ET,391.26,391.27,391.09,391.25,2500
02/18/2021 at 04:40上午 ET,391.38,391.59,391.38,391.59,1150
02/18/2021 at 04:50上午 ET,391.58,391.58,391.41,391.5,800
02/18/2021 at 05:00上午 ET,391.54,391.58,391.52,391.52,904
02/18/2021 at 05:10上午 ET,391.42,391.42,391.3,391.4,302
02/18/2021 at 05:20上午 ET,391.45,391.45,391.18,391.22,3441
02/18/2021 at 05:30上午 ET,391.2,391.35,391.2,391.21,6050
02/18/2021 at 05:40上午 ET,391.09,391.09,390.94,390.94,1355
02/18/2021 at 05:50上午 ET,391.0,391.02,390.95,391.02,1697
02/18/2021 at 06:00上午 ET,391.02,391.02,390.18,390.54,123575
02/18/2021 at 06:10上午 ET,390.77,390.83,390.77,390.83,1064
02/18/2021 at 06:20上午 ET,390.75,390.87,390.75,390.8,2388
02/18/2021 at 06:30上午 ET,390.74,390.8,390.66,390.8,5695
02/18/2021 at 06:40上午 ET,390.77,390.94,390.74,390.86,5000
02/18/2021 at 06:50上午 ET,390.85,391.01,390.85,390.95,1695
02/18/2021 at 07:00上午 ET,391.04,391.1,390.89,391.0,61144
02/18/2021 at 07:10上午 ET,390.99,391.1,390.9,390.91,24323
02/18/2021 at 07:20上午 ET,390.92,391.03,390.87,391.03,17883
02/18/2021 at 07:30上午 ET,391.12,391.32,391.05,391.22,65727
02/18/2021 at 07:40上午 ET,391.23,391.31,391.06,391.18,82107
02/18/2021 at 07:50上午 ET,391.17,391.2,391.04,391.05,22451
02/18/2021 at 08:00上午 ET,391.06,391.12,390.95,391.04,61918
02/18/2021 at 08:10上午 ET,391.01,391.01,390.7,390.78,89293
02/18/2021 at 08:20上午 ET,390.78,390.8,390.42,390.69,212117
02/18/2021 at 08:30上午 ET,390.69,390.8,389.58,389.93,268470
02/18/2021 at 08:40上午 ET,389.94,390.14,389.67,389.77,163727
02/18/2021 at 08:50上午 ET,389.78,390.0,389.67,389.85,147235
02/18/2021 at 09:00上午 ET,389.85,389.87,389.26,389.39,155024
02/18/2021 at 09:10上午 ET,389.38,389.65,389.04,389.29,136807
02/18/2021 at 09:20上午 ET,389.32,389.72,389.25,389.57,101470
02/18/2021 at 09:30上午 ET,389.57,390.29,389.11,389.4635,2623888
02/18/2021 at 09:40上午 ET,389.45,390.05,388.89,389.725,1885398
02/18/2021 at 09:50上午 ET,389.73,390.0,389.21,389.83,1173032
02/18/2021 at 10:00上午 ET,389.82,389.87,388.37,388.69,2289240
02/18/2021 at 10:10上午 ET,388.685,389.28,388.41,388.54,1548777
02/18/2021 at 10:20上午 ET,388.55,388.7,387.88,388.5042,1967293
02/18/2021 at 10:30上午 ET,388.49,388.91,387.74,388.77,1894265
02/18/2021 at 10:40上午 ET,388.78,389.1599,388.57,389.0,940630
02/18/2021 at 10:50上午 ET,389.0,389.47,388.83,388.992,1288134
02/18/2021 at 11:00上午 ET,388.985,389.3881,388.72,388.99,734082
02/18/2021 at 11:10上午 ET,389.0,389.86,388.83,389.61,1321792
02/18/2021 at 11:20上午 ET,389.61,389.74,389.1885,389.1913,802909
02/18/2021 at 11:30上午 ET,389.18,389.38,388.79,388.81,573866
02/18/2021 at 11:40上午 ET,388.8181,388.98,388.7,388.79,533574
02/18/2021 at 11:50上午 ET,388.795,389.0,388.68,388.93,464018
02/18/2021 at 12:00下午 ET,388.93,388.93,388.2,388.49,803016
02/18/2021 at 12:10下午 ET,388.47,388.94,388.32,388.94,734001
02/18/2021 at 12:20下午 ET,388.93,389.24,388.89,389.225,543298
02/18/2021 at 12:30下午 ET,389.22,389.22,388.9204,389.1281,325006
02/18/2021 at 12:40下午 ET,389.12,389.43,389.11,389.31,447421
02/18/2021 at 12:50下午 ET,389.31,389.36,388.9,389.165,384337
02/18/2021 at 01:00下午 ET,389.1619,389.2,388.82,389.06,440640
02/18/2021 at 01:10下午 ET,389.07,389.63,388.89,389.49,555230
02/18/2021 at 01:20下午 ET,389.4999,390.43,389.46,390.235,1688470
02/18/2021 at 01:30下午 ET,390.24,390.54,390.2,390.31,824258
02/18/2021 at 01:40下午 ET,390.32,390.39,390.15,390.33,485539
02/18/2021 at 01:50下午 ET,390.335,390.4984,390.2201,390.255,388935
02/18/2021 at 02:00下午 ET,390.259,390.96,390.23,390.66,1751257
02/18/2021 at 02:10下午 ET,390.67,390.88,390.53,390.7199,850748
02/18/2021 at 02:20下午 ET,390.71,390.83,390.61,390.73,456078
02/18/2021 at 02:30下午 ET,390.715,390.98,390.7,390.9013,508374
02/18/2021 at 02:40下午 ET,390.91,390.96,390.67,390.695,780800
02/18/2021 at 02:50下午 ET,390.691,391.13,390.48,391.05,1279322
02/18/2021 at 03:00下午 ET,391.04,391.38,390.8714,391.345,703213
02/18/2021 at 03:10下午 ET,391.345,391.43,391.18,391.195,944724
02/18/2021 at 03:20下午 ET,391.195,391.32,390.98,391.16,818432
02/18/2021 at 03:30下午 ET,391.16,391.515,391.14,391.235,1272700
02/18/2021 at 03:40下午 ET,391.23,391.47,390.89,390.945,1774494
02/18/2021 at 03:50下午 ET,390.93,391.125,390.39,390.75,3614523
02/18/2021 at 04:00下午 ET,390.76,391.04,390.6534,390.9,2543462
02/18/2021 at 04:10下午 ET,390.91,390.94,390.58,390.64,216443
02/18/2021 at 04:20下午 ET,390.64,390.66,390.51,390.65,163430
02/18/2021 at 04:30下午 ET,390.64,390.81,390.63,390.79,93246
02/18/2021 at 04:40下午 ET,390.79,390.82,390.7,390.7,18186
02/18/2021 at 04:50下午 ET,390.68,390.7,390.56,390.7,35238
02/18/2021 at 05:00下午 ET,390.57,390.71,390.57,390.68,3260
02/18/2021 at 05:10下午 ET,390.62,390.71,390.6,390.6,18872
02/18/2021 at 05:20下午 ET,390.58,390.71,390.58,390.69,14214
02/18/2021 at 05:30下午 ET,390.7,390.71,390.61,390.7,5242
02/18/2021 at 05:40下午 ET,390.71,390.72,390.68,390.72,11842
02/18/2021 at 05:50下午 ET,390.72,390.77,390.72,390.74,3627
02/18/2021 at 06:00下午 ET,390.74,391.03,390.6,390.99,43820
02/18/2021 at 06:10下午 ET,390.97,391.0,390.9,390.97,8284
02/18/2021 at 06:20下午 ET,390.95,390.95,390.83,390.92,14900
02/18/2021 at 06:30下午 ET,390.93,390.98,390.64,390.66,14778
02/18/2021 at 06:40下午 ET,390.68,390.71,390.0901,390.26,30102
02/18/2021 at 06:50下午 ET,390.28,390.28,390.04,390.2,47549
02/18/2021 at 07:00下午 ET,390.22,390.35,390.14,390.2,6942
02/18/2021 at 07:10下午 ET,390.21,390.42,390.19,390.36,7248
02/18/2021 at 07:20下午 ET,390.34,390.45,390.28,390.28,5364
02/18/2021 at 07:30下午 ET,390.31,390.4,390.27,390.31,3371
02/18/2021 at 07:40下午 ET,390.28,390.42,390.27,390.4,5794
02/18/2021 at 07:50下午 ET,390.39,390.4999,390.29,390.45,7260
02/18/2021 at 08:00下午 ET,390.8,391.0,390.3,390.3,301
02/18/2021 at 08:10下午 ET,390.76,390.76,390.34,390.34,180
02/18/2021 at 08:20下午 ET,390.12,390.12,390.12,390.12,50
02/18/2021 at 08:30下午 ET,390.12,390.12,389.26,389.26,10647
02/18/2021 at 08:40下午 ET,389.5,389.5,388.76,389.48,6026
02/18/2021 at 08:50下午 ET,389.59,389.59,389.59,389.59,251
02/18/2021 at 09:00下午 ET,389.6,389.91,389.5,389.5,488
02/18/2021 at 09:10下午 ET,389.55,389.55,389.5,389.5,197
02/18/2021 at 09:20下午 ET,389.2,389.5,389.0,389.22,1036
02/18/2021 at 09:30下午 ET,389.35,389.35,388.88,388.88,110
02/18/2021 at 09:40下午 ET,388.88,388.88,388.88,388.88,38
02/18/2021 at 10:10下午 ET,389.38,389.38,389.38,389.38,2
02/18/2021 at 10:20下午 ET,389.38,389.38,389.0,389.38,8
02/18/2021 at 10:30下午 ET,389.43,389.65,389.41,389.65,18
02/18/2021 at 10:40下午 ET,389.55,389.63,389.5,389.52,55
02/18/2021 at 11:00下午 ET,389.17,389.17,389.17,389.17,302
02/18/2021 at 11:10下午 ET,389.4,389.4,389.4,389.4,1
02/18/2021 at 11:30下午 ET,389.5,389.5,389.5,389.5,25
02/18/2021 at 11:40下午 ET,389.5,389.5,389.5,389.5,15
02/19/2021 at 12:00上午 ET,389.85,389.85,389.84,389.84,129
02/19/2021 at 12:10上午 ET,389.85,389.85,389.85,389.85,50
02/19/2021 at 12:30上午 ET,389.85,389.85,389.85,389.85,11
02/19/2021 at 12:40上午 ET,389.9,389.9,389.9,389.9,80
02/19/2021 at 12:50上午 ET,390.0,390.0,390.0,390.0,308
02/19/2021 at 01:10上午 ET,390.23,390.25,390.23,390.25,8
02/19/2021 at 01:20上午 ET,390.43,390.43,390.43,390.43,240
02/19/2021 at 01:40上午 ET,390.43,390.43,390.43,390.43,1
02/19/2021 at 02:00上午 ET,390.43,390.69,390.43,390.69,1100
02/19/2021 at 02:50上午 ET,390.4,390.8,390.4,390.8,200
02/19/2021 at 03:00上午 ET,390.37,390.37,390.05,390.05,210
02/19/2021 at 03:30上午 ET,390.59,390.7,390.59,390.7,800
02/19/2021 at 03:40上午 ET,390.6,390.6,390.6,390.6,100
02/19/2021 at 03:50上午 ET,390.97,391.0,390.97,391.0,107
02/19/2021 at 04:00上午 ET,391.08,391.08,390.74,390.84,6043
02/19/2021 at 04:10上午 ET,390.83,391.37,390.83,391.34,3200
02/19/2021 at 04:20上午 ET,391.39,391.39,391.22,391.22,4010
02/19/2021 at 04:30上午 ET,391.38,391.9,391.38,391.9,20120
02/19/2021 at 04:40上午 ET,392.0,392.03,391.7,391.7,3780
02/19/2021 at 04:50上午 ET,391.75,391.76,391.59,391.59,700
02/19/2021 at 05:00上午 ET,391.69,391.82,391.67,391.82,14700
02/19/2021 at 05:10上午 ET,391.82,392.17,391.22,392.08,12975
02/19/2021 at 05:20上午 ET,391.94,391.94,391.75,391.75,1000
02/19/2021 at 05:30上午 ET,391.75,391.77,391.64,391.64,1100
02/19/2021 at 05:40上午 ET,391.81,391.85,391.74,391.8,6400
02/19/2021 at 05:50上午 ET,391.88,391.94,391.83,391.94,2497
02/19/2021 at 06:00上午 ET,391.89,391.93,391.59,391.59,5917
02/19/2021 at 06:10上午 ET,391.55,391.56,391.4,391.4,7540
02/19/2021 at 06:20上午 ET,391.51,391.62,391.51,391.62,15551
02/19/2021 at 06:30上午 ET,391.57,391.59,391.31,391.42,4806
02/19/2021 at 06:40上午 ET,391.5,391.51,391.49,391.51,400
02/19/2021 at 06:50上午 ET,391.47,391.47,391.3,391.44,2900
02/19/2021 at 07:00上午 ET,391.34,391.8,391.34,391.76,50178
02/19/2021 at 07:10上午 ET,391.7,391.8,391.68,391.8,7090
02/19/2021 at 07:20上午 ET,391.8,392.24,391.8,392.19,17302
02/19/2021 at 07:30上午 ET,392.22,392.51,392.19,392.25,100399
02/19/2021 at 07:40上午 ET,392.2,392.2,392.0,392.05,139754
02/19/2021 at 07:50上午 ET,392.08,392.23,392.08,392.14,49266
02/19/2021 at 08:00上午 ET,392.2,392.31,392.12,392.28,99310
02/19/2021 at 08:10上午 ET,392.24,392.46,392.2,392.26,109383
02/19/2021 at 08:20上午 ET,392.22,392.4,392.17,392.4,14641
02/19/2021 at 08:30上午 ET,392.37,392.58,392.27,392.35,56454
02/19/2021 at 08:40上午 ET,392.36,392.76,392.36,392.66,72241
02/19/2021 at 08:50上午 ET,392.69,392.69,392.47,392.59,19850
02/19/2021 at 09:00上午 ET,392.57,392.57,392.03,392.06,49573
02/19/2021 at 09:10上午 ET,392.15,392.15,391.94,391.95,52875
02/19/2021 at 09:20上午 ET,391.94,392.46,391.94,392.07,84449
02/19/2021 at 09:30上午 ET,392.07,392.27,391.31,391.5744,1851390
02/19/2021 at 09:40上午 ET,391.58,391.65,391.06,391.28,1226206
02/19/2021 at 09:50上午 ET,391.28,392.05,391.17,392.01,851181
02/19/2021 at 10:00上午 ET,392.03,392.165,391.68,391.76,1022722
02/19/2021 at 10:10上午 ET,391.77,391.835,391.37,391.478,917381
02/19/2021 at 10:20上午 ET,391.485,391.99,391.3,391.6301,949109
02/19/2021 at 10:30上午 ET,391.645,391.93,391.46,391.89,513027
02/19/2021 at 10:40上午 ET,391.897,392.15,391.66,391.72,867894
02/19/2021 at 10:50上午 ET,391.715,392.09,391.7,392.0,444155
02/19/2021 at 11:00上午 ET,392.0011,392.34,391.98,392.2481,715131
02/19/2021 at 11:10上午 ET,392.245,392.3,391.86,392.01,557041
02/19/2021 at 11:20上午 ET,392.0019,392.31,392.0019,392.3,434380
02/19/2021 at 11:30上午 ET,392.28,392.38,392.14,392.16,643908
02/19/2021 at 11:40上午 ET,392.1618,392.25,391.94,391.98,430951
02/19/2021 at 11:50上午 ET,391.97,392.04,391.71,391.75,467131
02/19/2021 at 12:00下午 ET,391.75,391.81,391.42,391.56,658302
02/19/2021 at 12:10下午 ET,391.55,391.717,391.21,391.24,647857
02/19/2021 at 12:20下午 ET,391.23,391.31,390.78,390.9561,2267203
02/19/2021 at 12:30下午 ET,390.96,391.105,390.57,390.76,1747179
02/19/2021 at 12:40下午 ET,390.75,390.98,390.4201,390.61,1265999
02/19/2021 at 12:50下午 ET,390.6,390.69,390.1022,390.61,1531970
02/19/2021 at 01:00下午 ET,390.6,390.74,389.9299,389.93,1534295
02/19/2021 at 01:10下午 ET,389.925,390.4899,389.85,390.19,1038161
02/19/2021 at 01:20下午 ET,390.19,390.6,390.08,390.3885,847836
02/19/2021 at 01:30下午 ET,390.39,390.6,390.0,390.57,951644
02/19/2021 at 01:40下午 ET,390.56,390.86,390.54,390.7,635707
02/19/2021 at 01:50下午 ET,390.6981,390.87,390.51,390.82,450231
02/19/2021 at 02:00下午 ET,390.8242,390.98,390.6603,390.745,509173
02/19/2021 at 02:10下午 ET,390.7466,391.05,390.57,390.85,518790
02/19/2021 at 02:20下午 ET,390.8519,390.86,389.66,389.78,1492269
02/19/2021 at 02:30下午 ET,389.77,390.23,389.76,390.0,1276248
02/19/2021 at 02:40下午 ET,389.98,390.39,389.84,390.15,720436
02/19/2021 at 02:50下午 ET,390.16,390.45,389.975,390.4,507681
02/19/2021 at 03:00下午 ET,390.39,390.555,390.17,390.2375,1078687
02/19/2021 at 03:10下午 ET,390.23,390.88,390.21,390.69,1941813
02/19/2021 at 03:20下午 ET,390.7,390.72,390.38,390.67,1196637
02/19/2021 at 03:30下午 ET,390.66,390.94,390.49,390.9,1914712
02/19/2021 at 03:40下午 ET,390.89,390.94,390.27,390.41,2374828
02/19/2021 at 03:50下午 ET,390.42,390.5,389.55,390.02,5015352
02/19/2021 at 04:00下午 ET,390.02,390.07,389.36,389.46,3488711
02/19/2021 at 04:10下午 ET,389.49,389.9516,389.38,389.75,4109459
02/19/2021 at 04:20下午 ET,389.72,389.78,389.57,389.62,108005
02/19/2021 at 04:30下午 ET,389.68,389.72,389.48,389.66,259334
02/19/2021 at 04:40下午 ET,389.62,389.72,389.5,389.5,150817
02/19/2021 at 04:50下午 ET,389.5,389.65,389.45,389.6,280438
02/19/2021 at 05:00下午 ET,389.65,389.85,389.62,389.7,19209
02/19/2021 at 05:10下午 ET,389.69,389.7,389.59,389.59,10688
02/19/2021 at 05:20下午 ET,389.6,389.6,389.37,389.55,27998
02/19/2021 at 05:30下午 ET,389.51,389.57,389.4201,389.4201,17140
02/19/2021 at 05:40下午 ET,389.51,390.03,389.51,390.03,29302
02/19/2021 at 05:50下午 ET,389.55,390.03,389.55,389.68,144972
02/19/2021 at 06:00下午 ET,389.61,389.65,389.46,389.5,5342
02/19/2021 at 06:10下午 ET,389.5,389.6,389.5,389.6,16552
02/19/2021 at 06:20下午 ET,389.6,390.03,389.6,389.62,16966
02/19/2021 at 06:30下午 ET,389.69,389.73,389.64,389.73,2097
02/19/2021 at 06:40下午 ET,389.74,389.85,389.74,389.85,29048
02/19/2021 at 06:50下午 ET,389.75,389.75,389.55,389.56,3028
02/19/2021 at 07:00下午 ET,389.65,389.78,389.65,389.66,1355
02/19/2021 at 07:10下午 ET,389.62,389.7,389.62,389.7,922
02/19/2021 at 07:20下午 ET,389.76,389.77,389.56,389.6,3567
02/19/2021 at 07:30下午 ET,389.6,389.6,389.6,389.6,4165
02/19/2021 at 07:40下午 ET,389.6,389.6,389.58,389.6,5726
02/19/2021 at 07:50下午 ET,389.6,389.7,389.57,389.7,6960
