2015/12/23,2.75,3.30,2.75,3.30,21600.00,70694.00
2015/12/24,3.63,3.63,3.63,3.63,3500.00,12705.00
2015/12/25,3.99,3.99,3.99,3.99,4000.00,15960.00
2015/12/28,4.39,4.39,4.39,4.39,7900.00,34681.00
2015/12/29,4.83,4.83,4.83,4.83,3700.00,17871.00
2015/12/30,5.31,5.31,5.31,5.31,10700.00,56817.00
2015/12/31,5.84,5.84,5.84,5.84,7800.00,45552.00
2016/01/04,6.42,6.42,6.42,6.42,27800.00,178476.00
2016/01/05,7.06,7.06,7.06,7.06,25100.00,177206.00
2016/01/06,7.77,7.77,7.77,7.77,13960.00,108469.20
2016/01/07,8.55,8.55,8.55,8.55,20053.00,171453.16
2016/01/08,9.41,9.41,9.41,9.41,80267.00,755312.50
2016/01/11,10.35,10.35,10.35,10.35,155784.00,1612364.38
2016/01/12,11.39,11.39,11.39,11.39,176620.00,2011701.75
2016/01/13,12.53,12.53,12.53,12.53,267160.00,3347514.75
2016/01/14,13.78,13.78,13.78,13.78,313349.00,4317949.00
2016/01/15,15.16,15.16,15.16,15.16,184210.00,2792623.50
2016/01/18,16.68,16.68,16.68,16.68,438660.00,7316849.00
2016/01/19,18.35,18.35,18.35,18.35,254190.00,4664386.50
2016/01/20,20.19,20.19,20.19,20.19,636948.00,12859980.00
2016/01/21,22.21,22.21,22.21,22.21,4431121.00,98415200.00
2016/01/22,24.43,24.43,24.43,24.43,17609650.00,430203744.00
2016/01/25,26.87,26.87,26.87,26.87,12053207.00,323869664.00
2016/01/26,28.60,28.77,24.18,24.18,21805628.00,574459968.00
2016/01/27,21.76,21.76,21.76,21.76,4478400.00,97449984.00
2016/01/28,20.50,20.88,19.58,19.58,17965560.00,360367424.00
2016/01/29,18.15,21.29,18.15,19.35,26328064.00,516049088.00
2016/02/01,18.79,21.29,18.41,20.88,27068248.00,552470848.00
2016/02/02,19.95,21.32,19.52,21.29,23779998.00,482372512.00
2016/02/03,20.39,23.42,20.20,23.42,29827512.00,670177536.00
2016/02/04,25.00,25.76,25.00,25.76,9547119.00,244630112.00
2016/02/05,28.34,28.34,24.00,27.61,34316152.00,954852032.00
2016/02/15,25.87,27.88,24.85,26.75,24765382.00,644170176.00
2016/02/16,26.50,29.43,26.30,29.43,20693124.00,578803136.00
2016/02/17,30.50,32.16,29.00,29.79,30648764.00,932302656.00
2016/02/18,29.00,31.80,28.70,30.31,22779876.00,685642176.00
2016/02/19,29.20,29.95,27.70,28.34,17779256.00,512709536.00
2016/02/22,28.90,29.50,28.30,28.81,12613756.00,363938048.00
2016/02/23,28.60,31.45,28.02,30.46,22028298.00,662128064.00
2016/02/24,29.70,30.10,27.98,28.88,18985208.00,547678208.00
2016/02/25,28.00,28.58,25.99,25.99,12203541.00,329227744.00
2016/02/26,25.11,26.80,24.00,25.57,11638594.00,297769696.00
2016/02/29,25.01,25.10,23.01,23.01,6618267.00,154782864.00
2016/03/01,22.86,25.31,21.69,23.98,12591846.00,293944992.00
2016/03/02,23.40,25.20,23.17,24.75,12594351.00,305991072.00
2016/03/03,24.60,27.23,24.35,27.23,17111856.00,457563712.00
2016/03/04,27.00,27.04,24.51,25.40,22179802.00,568018176.00
2016/03/07,24.55,26.30,24.55,25.19,12313688.00,314386048.00
2016/03/08,24.51,24.78,23.00,24.62,9853961.00,236678016.00
2016/03/09,23.55,25.20,23.30,24.01,8188369.00,200298064.00
2016/03/10,24.03,24.78,23.30,23.40,6713300.00,160272896.00
2016/03/11,22.97,24.62,22.50,23.67,8771699.00,206126976.00
2016/03/14,24.63,25.47,24.11,24.76,11508691.00,285925664.00
2016/03/15,24.40,25.20,23.97,23.99,8676720.00,211765600.00
2016/03/16,24.33,24.50,23.00,23.31,7824245.00,184284416.00
2016/03/17,23.40,24.33,23.00,24.20,11054097.00,263871120.00
2016/03/18,24.44,25.50,24.01,24.80,12818720.00,318440448.00
2016/03/21,25.02,26.36,24.50,25.76,15563948.00,396244256.00
2016/03/22,25.03,26.63,24.55,25.77,15617265.00,400297312.00
2016/03/23,25.30,27.02,25.05,26.90,18329096.00,478173088.00
2016/03/24,26.40,26.87,25.40,25.41,14409487.00,376469600.00
2016/03/25,25.02,25.74,24.35,24.78,8231179.00,205181536.00
2016/03/28,25.09,25.37,24.01,24.13,6658751.00,164623888.00
2016/03/29,24.13,24.45,23.27,23.58,5794395.00,137550080.00
2016/03/30,23.83,24.42,23.62,24.39,6472571.00,155856272.00
2016/03/31,24.35,24.90,24.21,24.45,6831501.00,167876096.00
2016/04/01,24.35,25.99,23.71,25.14,10420169.00,260481744.00
2016/04/05,24.80,25.77,24.65,25.50,10017522.00,253604512.00
2016/04/06,25.00,25.45,24.80,25.08,7186344.00,180301312.00
2016/04/07,25.27,27.50,25.00,25.75,17536124.00,458732352.00
2016/04/08,25.05,25.40,24.35,24.70,10318791.00,255349792.00
2016/04/11,24.83,25.40,24.70,25.34,8281901.00,208065680.00
2016/04/12,25.21,27.00,25.01,26.12,14753795.00,385761760.00
2016/04/13,26.30,26.93,25.70,26.40,13331228.00,349531776.00
2016/04/14,26.45,27.99,25.84,27.89,19221624.00,523172352.00
2016/04/15,27.22,27.94,26.80,27.07,13633495.00,371700768.00
2016/04/18,27.00,27.00,25.58,26.26,7684062.00,202010864.00
2016/04/19,26.26,26.94,26.08,26.30,6834364.00,181132704.00
2016/04/20,26.30,26.35,23.75,24.21,11176486.00,277894976.00
2016/04/21,23.98,24.50,23.28,23.42,5508055.00,131233872.00
2016/04/22,23.09,23.75,22.90,23.61,4926780.00,115096400.00
2016/04/25,23.65,23.65,22.55,23.30,4045334.00,93493360.00
2016/04/26,23.31,23.58,23.16,23.52,3436409.00,80274568.00
2016/04/27,23.60,24.00,23.40,23.51,4394666.00,104193632.00
2016/04/28,23.62,23.70,22.77,23.25,3524226.00,81619072.00
2016/04/29,23.34,23.49,22.90,23.07,2464246.00,57104496.00
2016/05/03,23.00,23.68,22.97,23.67,3849561.00,90460304.00
2016/05/04,23.61,24.58,23.40,24.12,6825832.00,165237568.00
2016/05/05,23.99,24.74,23.50,24.49,6932778.00,169254320.00
2016/05/06,24.27,25.60,24.23,24.23,9406338.00,234576016.00
2016/05/09,23.39,23.39,22.00,22.37,6546730.00,148740208.00
2016/05/10,22.30,22.84,22.00,22.40,3126092.00,70066656.00
2016/05/11,22.98,22.98,22.11,22.20,2558022.00,57229564.00
2016/05/12,21.97,21.97,20.88,21.41,3092346.00,65907020.00
2016/05/13,21.48,21.80,21.10,21.22,2439515.00,52237392.00
2016/05/16,21.40,21.70,21.01,21.62,2587669.00,55318740.00
2016/05/17,21.73,22.15,21.55,21.96,4578042.00,100098272.00
2016/05/18,21.60,21.70,20.03,20.30,4297089.00,89426816.00
2016/05/19,20.17,21.25,20.12,20.52,3812769.00,79053784.00
2016/05/20,20.15,21.19,19.90,21.08,6258007.00,128911616.00
2016/05/23,21.00,21.80,20.89,21.39,5199590.00,110617808.00
2016/05/24,21.21,21.39,20.80,20.86,3226777.00,67492096.00
2016/05/25,20.91,21.21,20.70,20.98,2856506.00,60016408.00
2016/05/26,21.02,21.59,20.86,21.45,5011248.00,106634768.00
2016/05/27,21.11,21.78,21.01,21.33,4561740.00,97984496.00
2016/05/30,21.14,21.32,20.50,20.93,3192541.00,67093136.00
2016/05/31,20.92,22.20,20.90,22.01,6145485.00,133444240.00
2016/06/01,22.03,22.88,21.86,22.27,6310279.00,141298608.00
2016/06/02,22.28,23.40,22.02,23.23,8703686.00,198441984.00
2016/06/03,22.90,23.66,22.73,23.14,9274885.00,215100016.00
2016/06/06,23.08,24.88,22.90,24.44,12436297.00,299034976.00
2016/06/07,24.44,26.20,23.73,26.19,14401892.00,355499552.00
2016/06/08,25.62,26.15,24.51,24.76,15252721.00,387978272.00
2016/06/13,23.85,23.93,22.28,22.28,10177822.00,235908176.00
2016/06/14,22.19,22.78,22.01,22.64,4444571.00,99949152.00
2016/06/15,22.25,23.79,22.05,23.28,7282759.00,168784288.00
2016/06/16,23.15,23.38,22.80,23.08,6419508.00,148611104.00
2016/06/17,22.95,24.39,22.95,23.94,8212386.00,195542224.00
2016/06/20,23.93,26.33,23.79,26.33,18310568.00,470306336.00
2016/06/21,26.47,28.96,25.81,28.31,26776634.00,733973184.00
2016/06/22,27.69,30.60,27.50,28.52,30161838.00,862255488.00
2016/06/23,27.52,28.20,26.93,27.17,15746213.00,432029216.00
2016/06/24,27.22,27.50,25.01,26.26,13827246.00,365637472.00
2016/06/27,25.99,27.90,25.72,27.53,12866358.00,349530304.00
2016/06/28,27.44,27.75,26.75,27.27,10514277.00,286426464.00
2016/06/29,27.50,29.58,26.86,28.81,16494428.00,465704256.00
2016/06/30,27.01,27.95,26.95,27.10,12517707.00,342513824.00
2016/07/01,27.11,29.45,27.02,28.72,18898392.00,540066688.00
2016/07/04,28.56,30.50,28.40,30.00,19175600.00,565888256.00
2016/07/05,29.68,31.50,29.31,31.20,20804068.00,629292800.00
2016/07/06,30.70,32.10,29.56,30.77,17754662.00,548035008.00
2016/07/07,30.45,32.17,30.18,31.78,16352155.00,513541760.00
2016/07/08,31.75,31.75,30.40,30.63,11406551.00,352782816.00
2016/07/11,30.01,30.78,29.00,29.18,9167119.00,270907168.00
2016/07/12,29.00,29.85,28.00,29.77,8394449.00,244207312.00
2016/07/13,29.86,30.29,29.11,29.54,6838396.00,202888912.00
2016/07/14,29.49,29.50,28.85,29.33,5906574.00,172334640.00
2016/07/15,29.40,30.13,29.37,29.45,7432545.00,221661456.00
2016/07/18,28.94,29.22,28.00,28.38,6281172.00,178840944.00
2016/07/19,28.18,28.69,27.86,28.31,4554045.00,128256432.00
2016/07/20,28.33,28.60,28.16,28.41,3706273.00,105271632.00
2016/07/21,28.56,28.58,28.00,28.03,3705549.00,104484408.00
2016/07/22,28.05,28.19,26.66,26.86,5625549.00,153630064.00
2016/07/25,26.86,27.32,26.63,26.91,2743679.00,73988776.00
2016/07/26,26.76,27.45,26.76,27.28,2912686.00,79487800.00
2016/07/27,27.31,27.50,24.91,25.43,5293059.00,138399072.00
2016/07/28,25.44,26.30,25.40,26.10,4170455.00,107727088.00
2016/07/29,26.10,26.18,25.40,25.73,2676959.00,68904928.00
2016/08/01,25.71,25.71,23.93,24.74,3219934.00,79259920.00
2016/08/02,24.70,25.50,24.58,25.11,2193001.00,54939644.00
2016/08/03,25.12,25.90,24.85,25.66,4724764.00,120583392.00
2016/08/04,25.41,25.74,25.20,25.45,2715702.00,68986400.00
2016/08/05,25.40,25.69,25.00,25.10,2144023.00,54333052.00
2016/08/08,24.80,25.30,24.10,25.23,2429920.00,60178740.00
2016/08/09,25.23,25.62,25.20,25.45,2778991.00,70526528.00
2016/08/10,25.47,25.88,25.35,25.70,3654119.00,93604992.00
2016/08/11,25.85,27.95,25.74,26.63,9364297.00,252507392.00
2016/08/12,26.02,27.95,25.78,27.83,9948055.00,268911456.00
2016/08/15,27.95,28.90,27.26,28.60,11950488.00,336512320.00
2016/08/16,28.26,28.87,27.99,28.00,8219010.00,232413712.00
2016/08/17,27.97,28.50,27.51,28.09,5710144.00,160699520.00
2016/08/18,27.95,28.35,27.60,27.61,4562236.00,126959600.00
2016/08/19,27.40,27.67,26.98,27.02,4410610.00,119755584.00
2016/08/22,27.04,27.40,26.59,26.59,3041019.00,81879624.00
2016/08/23,26.61,26.98,26.40,26.68,2369140.00,63330784.00
2016/08/24,26.78,29.35,26.78,29.35,18471064.00,531322464.00
2016/08/25,29.29,29.29,28.02,28.40,12253503.00,349216928.00
2016/08/26,28.11,29.20,27.69,27.75,10295228.00,292955488.00
2016/08/29,27.46,28.81,26.80,28.70,9552466.00,267999392.00
2016/08/30,28.43,30.64,28.22,29.70,15338959.00,453263776.00
2016/08/31,29.20,29.99,28.70,29.30,10300889.00,301360448.00
2016/09/01,29.11,30.50,29.01,29.02,11294830.00,336061888.00
2016/09/02,28.68,28.81,27.88,28.00,7703878.00,217891488.00
2016/09/05,28.14,28.63,27.85,28.05,4308468.00,121711264.00
2016/09/06,28.00,28.80,27.81,28.66,5946151.00,168253808.00
2016/09/07,28.48,28.78,28.11,28.20,5220627.00,147741248.00
2016/09/08,28.10,28.37,27.80,27.98,4225641.00,118665032.00
2016/09/09,27.83,28.05,26.87,26.99,6519434.00,177820624.00
2016/09/12,26.59,26.59,25.84,25.86,3564600.00,93205640.00
2016/09/13,26.10,26.57,26.00,26.18,2727548.00,71550528.00
2016/09/14,26.10,26.42,25.88,26.10,1815099.00,47425548.00
2016/09/20,26.15,26.87,25.01,26.50,4684510.00,121925720.00
2016/09/21,26.24,26.83,26.20,26.40,2969845.00,78807672.00
2016/09/22,26.43,26.69,26.31,26.34,2224173.00,58834708.00
2016/09/23,26.39,26.64,26.30,26.30,1862837.00,49230240.00
2016/09/26,26.20,26.20,25.10,25.14,2893388.00,73565840.00
2016/09/27,25.10,25.36,24.71,25.21,1984124.00,49601780.00
2016/09/28,25.22,25.22,24.88,24.92,1184724.00,29579028.00
2016/09/29,24.92,25.11,24.77,24.77,1294417.00,32285760.00
2016/09/30,24.55,24.76,24.50,24.57,1479800.00,36384112.00
2016/10/10,24.88,25.48,24.88,25.42,2354117.00,59403864.00
2016/10/11,25.43,25.74,25.30,25.45,1834181.00,46681244.00
2016/10/12,25.11,26.40,25.11,26.20,4155238.00,108081144.00
2016/10/13,26.27,26.28,25.80,25.90,2569800.00,66590652.00
2016/10/14,26.10,26.95,25.91,26.78,6553251.00,174499152.00
2016/10/17,26.78,26.89,26.53,26.79,3914415.00,104477056.00
2016/10/18,26.00,26.77,25.47,26.76,6261700.00,163562416.00
2016/10/19,26.50,26.61,26.08,26.15,3578777.00,94044560.00
2016/10/20,26.15,26.41,26.04,26.17,2525627.00,66214408.00
2016/10/21,26.10,26.37,25.69,25.85,2540004.00,65925456.00
2016/10/24,25.85,26.26,25.45,26.19,2915528.00,75684528.00
2016/10/25,26.19,28.39,26.03,27.35,9383303.00,257316080.00
2016/10/26,27.05,27.15,26.60,26.75,4719521.00,126594152.00
2016/10/27,26.60,27.38,26.18,26.77,3736028.00,100352576.00
2016/10/28,26.78,28.33,26.77,27.21,9243907.00,254647760.00
2016/10/31,26.80,26.88,26.15,26.48,4555591.00,120465792.00
2016/11/01,26.40,27.36,26.30,27.24,6267433.00,169419216.00
2016/11/02,26.95,27.17,26.66,26.82,4395208.00,118154392.00
2016/11/03,26.52,27.70,26.43,27.48,7847874.00,213291376.00
2016/11/04,27.25,29.95,27.20,28.28,13728173.00,392377824.00
2016/11/07,28.29,31.11,27.80,31.11,20292608.00,606285824.00
2016/11/08,31.30,31.30,29.29,30.50,20561240.00,622581120.00
2016/11/09,30.00,30.47,29.40,30.15,12661905.00,379879008.00
2016/11/10,30.10,31.69,30.00,30.45,16950320.00,522819904.00
2016/11/11,29.86,30.23,29.36,29.38,11844912.00,351035744.00
2016/11/14,28.94,32.32,28.94,32.32,19996116.00,619018176.00
2016/11/15,33.90,35.55,33.50,35.55,27486560.00,956338240.00
2016/11/16,35.55,38.50,33.71,34.26,34110200.00,1225342208.00
2016/11/17,33.50,37.69,31.76,37.69,30170404.00,1032942464.00
2016/11/18,37.72,41.46,37.72,41.46,30352144.00,1199075968.00
2016/11/21,43.49,45.61,42.05,45.61,26070092.00,1160187392.00
2016/11/22,48.00,48.00,44.00,44.43,33803684.00,1559914624.00
2016/11/23,44.13,45.40,42.56,44.20,22370710.00,980500928.00
2016/11/24,43.21,43.94,41.60,42.30,17522564.00,746177408.00
2016/11/25,41.88,42.54,40.54,41.50,13775993.00,574130624.00
2016/11/28,41.00,41.66,38.61,39.30,15863101.00,631396224.00
2016/11/29,39.50,39.80,38.22,38.50,10395769.00,404340064.00
2016/11/30,38.88,39.12,37.60,37.95,8125044.00,310496352.00
2016/12/01,38.29,38.68,37.53,38.58,11032223.00,421968160.00
2016/12/02,38.58,38.70,34.96,35.23,12414124.00,457845056.00
2016/12/05,34.80,36.30,34.34,35.72,8277874.00,294914656.00
2016/12/06,35.57,37.96,35.18,36.62,13280410.00,488413056.00
2016/12/07,36.28,38.58,36.26,37.58,12938637.00,488139232.00
2016/12/08,37.08,39.48,36.02,38.74,16332822.00,617644480.00
2016/12/09,37.80,39.84,37.30,37.38,13585621.00,523501824.00
2016/12/12,35.75,38.20,33.64,33.65,12011908.00,434094592.00
2016/12/13,33.33,33.56,31.20,33.00,9282775.00,302454336.00
2016/12/14,33.07,36.30,32.08,35.94,15070500.00,522776608.00
2016/12/15,34.62,37.60,34.50,36.22,14116457.00,512493280.00
2016/12/16,35.55,36.96,35.55,36.39,10653417.00,385913792.00
2016/12/19,35.73,36.25,33.50,34.19,8001771.00,280394880.00
2016/12/20,33.21,37.61,33.21,37.61,18514838.00,687216128.00
2016/12/21,38.00,41.15,37.70,39.83,29667588.00,1165317632.00
2016/12/22,37.98,38.78,36.65,37.31,18691602.00,704529536.00
2016/12/23,35.30,35.54,33.58,33.58,15875718.00,541873984.00
2016/12/26,31.30,33.26,30.25,32.53,14274706.00,452855392.00
2016/12/27,32.10,33.05,31.88,32.55,11741835.00,381750080.00
2016/12/28,32.10,34.64,31.30,33.63,15306594.00,505123296.00
2016/12/29,33.02,33.96,32.70,32.72,10867882.00,362815968.00
2016/12/30,32.09,32.89,31.51,31.55,8099849.00,259741424.00
2017/01/03,31.70,32.97,31.00,32.46,13155093.00,418327744.00
2017/01/04,32.06,32.42,31.58,32.16,10972858.00,351256768.00
2017/01/05,32.02,32.36,31.50,31.57,8219000.00,262271648.00
2017/01/06,31.37,32.15,30.75,30.75,8322837.00,261791824.00
2017/01/09,30.40,30.40,29.00,29.07,9533328.00,280322976.00
2017/01/10,29.15,30.96,29.15,30.31,12407701.00,374016608.00
2017/01/11,29.93,30.30,29.00,29.08,8664017.00,255212400.00
2017/01/12,29.08,29.79,28.34,28.53,9115104.00,263227440.00
2017/01/13,28.69,28.96,26.60,26.79,8726980.00,241777408.00
2017/01/16,26.68,26.96,24.11,24.44,9295080.00,234229232.00
2017/01/17,24.29,25.49,23.09,25.15,8433883.00,207693856.00
2017/01/18,24.80,25.98,24.50,24.93,7665137.00,193603472.00
2017/01/19,24.45,25.86,24.40,25.15,7897066.00,199394272.00
2017/01/20,25.00,25.66,25.00,25.30,6705392.00,169820384.00
2017/01/23,25.35,26.48,25.35,25.54,7282057.00,187450400.00
2017/01/24,25.37,26.80,25.36,26.59,11504000.00,300202496.00
2017/01/25,26.17,26.43,25.82,26.03,7547619.00,196924432.00
2017/01/26,25.91,26.33,25.55,25.74,4810722.00,124315920.00
2017/02/03,25.75,26.28,25.51,25.86,3941954.00,102031592.00
2017/02/06,26.00,26.50,25.64,26.41,6397919.00,167282928.00
2017/02/07,26.40,28.68,26.20,27.16,12122045.00,332141088.00
2017/02/08,26.86,28.48,26.31,27.81,10962520.00,298662720.00
2017/02/09,27.50,28.19,27.41,27.63,8558555.00,237686784.00
2017/02/10,27.64,28.32,27.33,27.95,10512234.00,292734208.00
2017/02/13,27.84,28.88,27.69,28.67,11752659.00,333244192.00
2017/02/14,28.87,28.90,28.12,28.25,7620935.00,216713664.00
2017/02/15,28.13,28.56,27.41,27.47,7532326.00,209891632.00
2017/02/16,27.43,27.79,27.01,27.27,4993651.00,136539024.00
2017/02/17,27.00,27.77,27.00,27.32,5306718.00,145521488.00
2017/02/20,26.90,27.20,26.48,26.84,5799801.00,155515872.00
2017/02/21,27.01,27.29,26.99,27.29,4501984.00,122257912.00
2017/02/22,27.70,28.97,27.70,28.61,17290002.00,492738816.00
2017/02/23,28.02,28.50,27.77,27.95,9075200.00,253933216.00
2017/02/24,28.02,28.49,27.89,28.08,5667113.00,159463168.00
2017/02/27,28.09,28.09,27.31,27.40,5149836.00,142445024.00
2017/02/28,27.14,27.68,27.14,27.40,3529704.00,96709704.00
2017/03/01,27.27,27.76,27.26,27.37,3958385.00,108869608.00
2017/03/02,27.29,27.32,26.50,26.56,6647214.00,178154576.00
2017/03/03,26.56,26.79,26.50,26.58,3194811.00,84977744.00
2017/03/06,26.59,26.95,26.59,26.93,3385058.00,90761336.00
2017/03/07,27.07,27.78,26.83,27.73,6894161.00,188466256.00
2017/03/08,28.01,28.02,27.20,27.33,5095131.00,140182656.00
2017/03/09,27.18,27.55,26.81,26.96,3467562.00,94193128.00
2017/03/10,27.00,27.34,26.91,26.94,3170391.00,85939136.00
2017/03/13,26.70,26.91,26.00,26.76,3662950.00,96877672.00
2017/03/14,26.77,28.36,26.60,27.72,11020803.00,303925952.00
2017/03/15,27.47,27.47,27.00,27.11,7555698.00,205427584.00
2017/03/16,27.02,27.70,27.00,27.35,6115201.00,167554720.00
2017/03/17,27.50,28.36,27.48,27.65,13192568.00,368890272.00
2017/03/20,27.50,29.57,27.50,29.50,22404184.00,644857152.00
2017/03/21,29.30,29.65,28.61,29.46,18067668.00,525843712.00
2017/03/22,29.15,30.20,28.84,30.01,14270058.00,420151552.00
2017/03/23,30.01,30.50,29.25,30.14,18485478.00,554408000.00
2017/03/24,30.10,30.39,29.34,29.60,12587695.00,375766784.00
2017/03/27,29.51,29.54,28.82,28.95,8713613.00,253578944.00
2017/03/28,29.00,29.48,28.50,28.66,6273016.00,181474800.00
2017/03/29,28.92,28.92,27.85,28.02,6860595.00,193698576.00
2017/03/30,28.03,28.35,26.13,26.27,8561559.00,230777616.00
2017/03/31,26.27,26.70,26.10,26.37,4127130.00,109111328.00
2017/04/05,26.60,27.29,26.45,27.07,4045708.00,109207792.00
2017/04/06,27.10,27.25,26.76,26.89,3518335.00,94690920.00
2017/04/07,26.89,26.89,26.48,26.48,3476271.00,92350864.00
2017/04/10,26.45,26.47,25.50,25.51,5263682.00,136008112.00
2017/04/11,25.15,25.99,24.01,25.85,6342852.00,159764272.00
2017/04/12,25.88,25.88,25.15,25.31,2898606.00,73537760.00
2017/04/13,25.15,25.62,25.07,25.25,2310510.00,58674940.00
2017/04/14,25.27,25.48,24.61,24.70,2675257.00,66662760.00
2017/04/17,24.50,25.50,24.01,24.82,2973606.00,73647552.00
2017/04/18,24.85,24.98,24.11,24.20,2273400.00,55816280.00
2017/04/19,23.97,23.97,22.08,23.50,4194910.00,96994888.00
2017/04/20,23.58,23.68,22.81,22.93,2152100.00,49875652.00
2017/04/21,22.45,23.20,22.45,22.68,1620300.00,37001728.00
2017/04/24,22.68,22.84,20.42,20.44,4010610.00,86150568.00
2017/04/25,20.55,20.95,20.29,20.43,3056000.00,63149832.00
2017/04/26,20.44,20.70,20.20,20.35,5164556.00,105156320.00
2017/04/27,20.29,20.29,19.05,20.15,5420170.00,106646800.00
2017/04/28,20.17,20.66,20.17,20.40,3606996.00,73595696.00
2017/05/02,20.36,20.65,20.26,20.46,2894523.00,59251220.00
2017/05/03,20.05,20.39,19.66,19.95,6969792.00,138864832.00
2017/05/04,19.71,19.94,19.37,19.51,4130300.00,81297984.00
2017/05/05,19.55,19.88,19.21,19.28,3072257.00,60108208.00
2017/05/08,19.33,19.40,17.50,17.60,4468284.00,82972520.00
2017/05/09,17.17,17.92,17.17,17.70,3778000.00,66365704.00
2017/05/10,17.81,19.47,17.74,19.47,4610483.00,87664632.00
2017/05/11,19.47,20.14,18.77,20.05,12818796.00,252202032.00
2017/05/12,20.08,20.08,19.40,19.46,6753279.00,132210280.00
2017/05/15,19.80,21.10,19.42,20.34,9313535.00,187307888.00
2017/05/16,20.10,21.29,19.81,21.18,11072720.00,228207184.00
2017/05/17,20.90,21.18,20.35,20.53,8116497.00,168592048.00
2017/05/18,20.40,20.48,19.62,19.80,5341026.00,107099264.00
2017/05/19,19.79,19.99,19.19,19.30,3833718.00,74988832.00
2017/05/22,19.30,19.88,18.60,18.72,3872323.00,74684384.00
2017/05/23,18.55,19.08,17.96,18.02,3813745.00,70386648.00
2017/05/24,17.86,18.33,16.96,18.31,4052027.00,72019216.00
2017/05/25,18.23,18.44,17.81,18.24,3369539.00,61218232.00
2017/05/26,18.38,18.70,18.24,18.33,2959380.00,54601112.00
2017/05/31,18.60,18.80,17.90,17.95,3451600.00,63419032.00
2017/06/01,17.51,17.90,16.85,16.88,4511500.00,77759648.00
2017/06/02,16.94,18.57,16.71,18.57,5597380.00,100978272.00
2017/06/05,19.41,19.80,18.85,19.57,13049261.00,253381392.00
2017/06/06,19.18,19.50,19.03,19.42,7313522.00,141097376.00
2017/06/07,19.45,21.19,19.36,20.25,12460498.00,249653696.00
2017/06/08,20.20,20.98,19.80,20.00,11051017.00,224747712.00
2017/06/09,19.71,19.87,19.41,19.75,6183157.00,121575032.00
2017/06/12,19.28,20.69,19.28,20.12,8326782.00,167576816.00
2017/06/13,19.83,20.49,19.81,20.41,7824866.00,158544720.00
2017/06/14,20.27,21.80,20.03,21.00,14159184.00,296213600.00
2017/06/15,20.65,21.30,20.60,20.80,9860908.00,206358256.00
2017/06/16,20.50,20.99,20.26,20.31,6032398.00,123836680.00
2017/06/19,20.31,20.78,20.31,20.37,3366301.00,69037088.00
2017/06/20,20.32,20.61,20.00,20.03,4733510.00,95987024.00
2017/06/21,20.07,20.25,19.71,19.96,3874140.00,77411408.00
2017/06/22,19.97,21.50,19.96,20.41,10605397.00,220006128.00
2017/06/23,20.09,20.30,19.30,19.82,6521770.00,128285800.00
2017/06/26,19.75,20.60,19.51,20.48,6395818.00,128886928.00
2017/06/27,20.36,20.97,20.25,20.43,5787079.00,118903968.00
2017/06/28,20.26,21.58,20.08,21.29,13622126.00,284006848.00
2017/06/29,21.03,21.49,20.88,21.16,10474114.00,222176496.00
2017/06/30,20.95,21.45,20.90,21.05,6043200.00,127597352.00
2017/07/03,21.20,21.94,20.96,21.73,9875408.00,211785168.00
2017/07/04,21.82,21.86,21.32,21.34,7478818.00,160908080.00
2017/07/05,21.18,21.36,20.90,21.25,5922747.00,125173816.00
2017/07/06,21.39,21.80,21.15,21.64,8877791.00,191044272.00
2017/07/07,21.64,21.66,21.30,21.33,5997000.00,128513032.00
2017/07/10,21.16,21.16,20.11,20.21,9333884.00,192232272.00
2017/07/11,20.10,20.20,19.51,19.61,6073100.00,120128800.00
2017/07/12,19.61,19.85,18.81,19.46,4808681.00,93010272.00
2017/07/13,19.30,19.66,19.25,19.51,3076930.00,59818404.00
2017/07/14,19.51,19.68,19.15,19.18,2503350.00,48548328.00
2017/07/17,19.10,19.35,17.31,17.56,4710477.00,84890088.00
2017/07/18,17.56,18.18,17.42,18.04,3236400.00,57727180.00
2017/07/19,18.05,18.55,17.90,18.37,3176127.00,58131812.00
2017/07/20,18.42,18.71,18.01,18.20,3420210.00,62658960.00
2017/07/21,18.01,18.35,17.90,18.03,2278010.00,41122144.00
2017/07/24,18.06,18.38,17.95,18.26,2568911.00,46809632.00
2017/07/25,18.20,18.44,18.06,18.34,2425600.00,44350104.00
2017/07/26,18.35,18.36,17.68,17.91,2557300.00,46102292.00
2017/07/27,17.72,18.30,17.72,18.27,3070177.00,55681916.00
2017/07/28,18.27,19.67,18.11,19.15,7768450.00,147467920.00
2017/07/31,18.75,19.20,18.72,18.88,4815399.00,91155376.00
2017/08/01,18.70,18.95,18.50,18.64,3123828.00,58257628.00
2017/08/02,18.65,18.77,18.15,18.17,2903366.00,53271680.00
2017/08/03,18.02,18.49,18.02,18.21,2272328.00,41584580.00
2017/08/04,18.06,18.53,18.02,18.15,2524627.00,46101856.00
2017/08/07,18.16,18.50,18.09,18.20,1799561.00,32895462.00
2017/08/08,18.20,18.40,18.10,18.35,2616828.00,47797604.00
2017/08/09,18.21,18.48,18.20,18.25,2161537.00,39608372.00
2017/08/10,18.20,18.39,17.73,17.86,2720093.00,49092924.00
2017/08/11,17.73,18.09,17.50,17.75,2006800.00,35779904.00
2017/08/14,17.83,18.10,17.76,18.02,1830500.00,32913382.00
2017/08/15,18.06,18.29,18.00,18.11,1949600.00,35367260.00
2017/08/16,18.00,18.48,17.98,18.48,3508516.00,63971084.00
2017/08/17,18.39,18.65,18.30,18.43,2947333.00,54409308.00
2017/08/18,18.35,19.30,18.23,18.72,5479927.00,102655072.00
2017/08/21,18.72,20.30,18.58,19.62,10681094.00,207664480.00
2017/08/22,19.40,19.56,18.91,19.14,6310623.00,121167560.00
2017/08/23,19.05,19.12,18.53,18.65,4154828.00,77730472.00
2017/08/24,18.56,19.35,18.55,18.85,4948000.00,93507928.00
2017/08/25,18.66,19.00,18.52,18.82,3738313.00,70197144.00
2017/08/28,18.92,19.27,18.80,19.03,4074599.00,77499448.00
2017/08/29,19.04,19.76,18.93,19.30,6699675.00,129738664.00
2017/08/30,19.05,19.29,18.88,18.89,4664800.00,88795496.00
2017/08/31,18.89,19.11,18.61,19.04,3862400.00,73103456.00
2017/09/01,18.90,19.17,18.90,19.10,3408801.00,65035548.00
2017/09/04,19.10,19.10,18.80,18.87,3113334.00,58811888.00
2017/09/05,18.88,18.99,18.70,18.80,2224940.00,41860944.00
2017/09/06,18.61,18.80,18.50,18.69,2484300.00,46262776.00
2017/09/07,18.73,19.28,18.66,19.14,5877493.00,111929160.00
2017/09/08,19.15,19.27,18.80,18.93,3255110.00,61813628.00
2017/09/11,18.93,19.47,18.85,19.31,4545110.00,87383848.00
2017/09/12,19.23,19.47,18.91,18.92,5087099.00,97607520.00
2017/09/13,18.80,19.17,18.75,19.07,2577500.00,48874972.00
2017/09/14,19.07,19.30,18.91,18.98,3564400.00,68110336.00
2017/09/15,18.85,19.07,18.50,18.58,3677360.00,68728896.00
2017/09/18,18.50,18.73,18.43,18.66,2001400.00,37225148.00
2017/09/19,18.66,18.70,18.34,18.40,2557339.00,47281188.00
2017/09/20,18.34,18.45,18.04,18.43,2465627.00,45125056.00
2017/09/21,18.33,18.97,18.33,18.71,4496501.00,83905888.00
2017/09/22,18.60,18.70,18.23,18.37,2508199.00,46093140.00
2017/09/25,18.25,18.36,18.02,18.05,2075600.00,37668160.00
2017/09/26,18.05,18.20,17.91,18.01,1620460.00,29163750.00
2017/09/27,18.15,18.15,18.03,18.05,1393800.00,25211974.00
2017/09/28,17.90,18.24,17.70,17.72,1869462.00,33567304.00
2017/09/29,17.80,17.98,17.75,17.87,1304107.00,23292960.00
2017/10/09,18.03,18.18,18.01,18.08,1294306.00,23427532.00
2017/10/10,18.12,18.36,18.03,18.34,2011498.00,36650564.00
2017/10/11,18.34,18.44,18.08,18.44,2057134.00,37617932.00
2017/10/12,18.40,18.87,18.28,18.71,4016649.00,74785608.00
2017/10/13,18.70,18.76,18.40,18.53,2297849.00,42531956.00
2017/10/16,18.40,18.52,17.85,17.93,2429300.00,44048292.00
2017/10/17,17.94,18.15,17.94,18.04,1171819.00,21165798.00
2017/10/18,18.18,18.18,17.80,17.85,1401300.00,25167836.00
2017/10/19,17.91,17.99,17.50,17.54,1638099.00,28921988.00
2017/10/20,17.54,17.73,17.54,17.68,965800.00,17054632.00
2017/10/23,17.68,17.90,17.61,17.86,1202466.00,21417164.00
2017/10/24,17.84,17.84,17.63,17.81,977611.00,17333714.00
2017/10/25,17.81,18.80,17.71,18.15,3008200.00,55029116.00
2017/10/26,18.00,18.15,17.90,18.07,1618050.00,29136156.00
2017/10/27,18.08,18.18,17.90,17.91,1270699.00,22917332.00
2017/10/30,18.08,18.08,17.22,17.32,1706651.00,29725984.00
2017/10/31,17.32,17.49,17.28,17.42,776765.00,13519756.00
2017/11/01,17.40,17.57,17.32,17.32,991500.00,17252672.00
2017/11/02,17.30,17.41,16.92,17.02,1730440.00,29604540.00
2017/11/03,17.00,17.10,16.61,16.76,1468500.00,24665142.00
2017/11/06,16.76,16.94,16.71,16.84,1049816.00,17638950.00
2017/11/07,16.87,16.94,16.79,16.92,962816.00,16245847.00
2017/11/08,16.99,17.00,16.84,16.92,1140099.00,19304738.00
2017/11/09,16.93,16.93,16.72,16.79,1195500.00,20092140.00
2017/11/10,16.70,16.87,16.69,16.85,1087900.00,18265604.00
2017/11/13,16.95,16.95,16.63,16.65,1360862.00,22803288.00
2017/11/14,16.50,16.69,16.20,16.34,2385264.00,39009740.00
2017/11/15,16.33,16.33,15.90,15.95,1952900.00,31316418.00
2017/11/16,15.80,16.14,15.70,15.97,1707800.00,27316722.00
2017/11/17,16.04,16.05,14.65,14.98,3048700.00,46298960.00
2017/11/20,14.90,15.87,14.04,15.20,2359985.00,35406320.00
2017/11/21,15.20,15.20,14.60,14.80,2072801.00,30737512.00
2017/11/22,14.61,14.89,14.53,14.53,1297200.00,19060956.00
2017/11/23,14.50,14.63,13.87,13.87,2128200.00,30150198.00
2017/11/24,13.86,14.50,13.60,14.12,2507839.00,34998936.00
2017/11/27,14.00,14.67,13.70,14.39,3002700.00,42543020.00
2017/11/28,14.31,14.49,14.05,14.28,2723829.00,38847416.00
2017/11/29,14.30,14.35,14.05,14.16,1739459.00,24649744.00
2017/11/30,14.16,14.40,14.02,14.16,1795329.00,25531934.00
2017/12/01,14.20,14.28,14.05,14.15,1029686.00,14581596.00
2017/12/04,14.08,14.30,13.83,13.83,1845400.00,25846216.00
2017/12/05,13.75,13.91,12.88,12.95,2109900.00,28222652.00
2017/12/06,12.91,13.20,12.90,13.15,1584699.00,20654628.00
2017/12/07,13.10,13.99,12.99,13.69,3719114.00,50454900.00
2017/12/08,13.68,14.39,13.51,13.68,3391014.00,46876844.00
2017/12/11,13.69,13.69,13.39,13.53,1682300.00,22747106.00
2017/12/12,13.42,13.58,13.18,13.20,1491400.00,19876092.00
2017/12/13,13.15,13.40,13.10,13.32,1059300.00,14078922.00
2017/12/14,13.33,13.38,13.17,13.22,1061600.00,14056810.00
2017/12/15,13.21,13.80,13.16,13.36,2395625.00,32192556.00
2017/12/18,13.25,13.64,12.90,13.45,2343899.00,31099122.00
2017/12/19,13.42,13.48,13.31,13.37,1294000.00,17324068.00
2017/12/20,13.31,13.35,12.95,13.04,1431400.00,18760376.00
2017/12/21,13.10,13.45,12.85,13.18,2186210.00,28804634.00
2017/12/22,13.05,13.60,13.05,13.40,3153715.00,42177244.00
2017/12/25,13.40,13.95,13.14,13.70,5244140.00,71167088.00
2017/12/26,13.65,13.81,13.49,13.76,4565533.00,62465372.00
2017/12/27,13.73,13.73,13.41,13.54,2715221.00,36793068.00
2017/12/28,13.50,13.66,13.30,13.30,2156320.00,28976602.00
2017/12/29,13.29,13.54,13.21,13.40,1554620.00,20765770.00
2018/01/02,13.37,13.59,13.26,13.57,1850250.00,24920576.00
2018/01/03,13.57,14.36,13.46,14.07,6948126.00,97083032.00
2018/01/04,13.94,14.08,13.80,13.88,3335600.00,46358504.00
2018/01/05,13.85,14.04,13.76,13.90,2406000.00,33543024.00
2018/01/08,13.88,13.88,13.65,13.70,1868330.00,25626346.00
2018/01/09,13.60,13.78,13.60,13.63,1411300.00,19288220.00
2018/01/10,13.63,13.67,13.25,13.33,2016402.00,27081952.00
2018/01/11,13.25,13.51,13.21,13.38,1448100.00,19390458.00
2018/01/12,13.39,13.48,13.26,13.31,1199902.00,16007816.00
2018/01/15,13.17,13.17,12.60,12.67,2913700.00,37534324.00
2018/01/16,12.50,13.85,12.50,13.29,3303215.00,42711448.00
2018/01/17,13.22,13.76,12.96,13.27,3106860.00,41350072.00
2018/01/18,13.27,13.36,13.01,13.02,1644400.00,21598030.00
2018/01/19,13.07,13.08,12.89,12.91,1188700.00,15425931.00
2018/01/22,12.80,13.15,12.70,13.01,1244360.00,16145679.00
2018/01/23,12.96,13.15,12.95,13.01,1170760.00,15278213.00
2018/01/24,12.98,13.11,12.87,12.99,1191730.00,15514131.00
2018/01/25,12.96,13.10,12.96,12.97,1205801.00,15728337.00
2018/01/26,13.04,13.14,12.96,13.09,1271600.00,16618879.00
2018/01/29,13.12,13.29,12.86,12.89,1544700.00,20030264.00
2018/01/30,12.97,12.97,12.63,12.81,1059500.00,13540150.00
2018/01/31,12.68,12.79,12.20,12.20,2141192.00,26478764.00
2018/02/01,12.18,12.30,11.03,11.15,2674101.00,30554714.00
2018/02/02,11.10,11.10,10.57,10.76,1626600.00,17629260.00
2018/02/05,10.67,11.42,10.50,11.10,2138110.00,23410196.00
2018/02/06,10.90,11.34,10.65,10.66,2369301.00,25693366.00
2018/02/07,10.94,11.30,10.28,10.60,1944700.00,20963764.00
2018/02/08,10.58,10.97,10.40,10.60,1246800.00,13274526.00
2018/02/09,10.45,10.48,10.24,10.36,2041391.00,21159946.00
2018/02/12,10.48,10.62,10.41,10.53,1091900.00,11521435.00
2018/02/13,10.50,10.79,10.48,10.49,1024300.00,10892185.00
2018/02/14,10.45,10.68,10.45,10.52,665600.00,7037221.00
2018/02/22,10.89,10.89,10.54,10.70,659200.00,7043582.00
2018/02/23,10.64,10.88,10.64,10.81,1180200.00,12725187.00
2018/02/26,10.82,11.10,10.82,11.04,1414600.00,15510331.00
2018/02/27,10.97,11.10,10.96,11.05,1098500.00,12083501.00
2018/02/28,11.01,11.80,10.82,11.44,3747060.00,42649744.00
2018/03/01,11.80,11.80,11.30,11.40,2531600.00,28859796.00
2018/03/02,11.31,11.45,11.23,11.37,1394901.00,15816251.00
2018/03/05,11.34,11.58,11.30,11.48,1344101.00,15364887.00
2018/03/06,11.41,11.64,11.35,11.41,1751215.00,20058320.00
2018/03/07,11.33,11.44,11.10,11.13,1771800.00,19942528.00
2018/03/08,11.16,11.43,11.15,11.35,1808515.00,20493562.00
2018/03/09,11.39,11.63,11.28,11.56,2764515.00,31894300.00
2018/03/12,11.53,11.98,11.52,11.85,3257400.00,38361532.00
2018/03/13,11.81,12.41,11.52,12.02,4564238.00,54905064.00
2018/03/14,11.97,12.00,11.65,11.82,2628701.00,31105842.00
2018/03/15,11.75,11.75,11.41,11.56,2427901.00,28024354.00
2018/03/16,11.58,11.70,11.50,11.57,1223528.00,14187218.00
2018/03/19,11.53,11.84,11.43,11.64,1489300.00,17421118.00
2018/03/20,11.51,11.75,11.37,11.67,1920400.00,22237384.00
2018/03/21,11.78,11.80,11.50,11.60,1954201.00,22792982.00
2018/03/22,11.54,12.75,11.52,12.00,4799750.00,58150920.00
2018/03/23,11.65,11.68,10.80,10.80,4510027.00,50751864.00
2018/03/26,10.50,10.69,9.72,10.63,2547710.00,26348120.00
2018/03/27,10.88,11.08,10.69,10.88,1876210.00,20425204.00
2018/03/28,10.72,11.40,10.60,10.96,2086701.00,23105174.00
2018/03/29,11.15,11.50,10.95,11.39,3359600.00,38002584.00
2018/03/30,11.47,11.67,11.32,11.52,2575601.00,29609840.00
2018/04/02,11.41,12.00,11.41,11.64,3411700.00,40069408.00
2018/04/03,11.67,11.68,11.25,11.40,2204501.00,25225648.00
2018/04/04,11.46,11.58,11.18,11.27,1674899.00,19096650.00
2018/04/09,11.22,11.25,10.80,11.15,1311175.00,14512810.00
2018/04/10,11.28,11.28,11.02,11.27,1428050.00,15913564.00
2018/04/11,11.32,12.40,11.23,12.40,9636554.00,118613632.00
2018/04/12,12.58,13.60,12.39,13.11,19032126.00,245652496.00
2018/04/13,12.85,12.85,12.22,12.25,9596185.00,120594464.00
2018/04/16,12.24,12.25,11.71,12.05,6628276.00,79195352.00
2018/04/17,11.96,12.08,11.66,11.75,3726851.00,44180316.00
2018/04/18,11.88,11.88,11.21,11.71,3881520.00,44772372.00
2018/04/19,11.70,12.20,11.51,12.12,4757019.00,56588576.00
2018/04/20,12.06,12.14,11.41,11.56,3114800.00,36800484.00
2018/04/23,11.26,11.56,11.12,11.19,2347600.00,26509684.00
2018/04/24,11.37,11.48,11.22,11.40,2156100.00,24527636.00
2018/04/25,11.65,12.00,11.50,11.68,3507101.00,41223168.00
2018/04/26,11.51,11.58,11.10,11.11,3829549.00,43098852.00
2018/04/27,10.82,11.20,10.72,10.89,2073249.00,22630906.00
2018/05/02,11.05,11.19,10.88,10.90,1337400.00,14688851.00
2018/05/03,10.80,10.95,10.52,10.86,1859770.00,19981126.00
2018/05/04,10.93,10.98,10.70,10.75,1317800.00,14334859.00
2018/05/07,10.65,10.98,10.65,10.96,1576349.00,17180068.00
2018/05/08,10.91,11.21,10.91,11.13,2336419.00,25965568.00
2018/05/09,11.22,11.59,11.06,11.54,5432901.00,61963112.00
2018/05/10,11.45,11.77,11.36,11.65,4794828.00,55600588.00
2018/05/11,11.62,11.81,11.31,11.39,3191401.00,36655572.00
2018/05/14,11.32,11.37,10.92,11.10,2684001.00,29935812.00
2018/05/15,11.10,11.49,11.05,11.40,2468355.00,27670322.00
2018/05/16,11.30,11.39,11.16,11.20,1937025.00,21824344.00
2018/05/17,11.21,11.65,11.13,11.35,3417287.00,39026848.00
2018/05/18,11.35,11.45,10.96,11.45,2526580.00,28356326.00
2018/05/21,11.38,11.73,11.38,11.67,3775901.00,43827964.00
2018/05/22,11.74,11.74,11.54,11.69,2436881.00,28326214.00
2018/05/23,11.66,11.79,11.33,11.43,3466710.00,40103652.00
2018/05/24,11.41,11.57,11.28,11.41,2003296.00,22907820.00
2018/05/25,11.35,11.56,11.28,11.42,2004496.00,22887138.00
2018/05/28,11.44,11.44,11.01,11.05,2078100.00,23264826.00
2018/05/29,11.04,11.18,10.95,11.14,1413701.00,15665215.00
2018/05/30,10.96,10.96,10.03,10.20,2747794.00,28671656.00
2018/05/31,10.27,10.44,10.26,10.35,1348200.00,13949181.00
2018/06/01,10.28,10.63,10.24,10.33,1657300.00,17317870.00
2018/06/04,10.44,10.51,10.27,10.33,822700.00,8528154.00
2018/06/05,10.34,10.50,10.34,10.48,918899.00,9594431.00
2018/06/06,10.48,10.68,10.40,10.57,1894799.00,19979638.00
2018/06/07,10.59,11.53,10.50,11.20,5530214.00,60599752.00
2018/06/08,11.74,11.75,10.81,10.96,5840610.00,66163148.00
2018/06/11,10.66,11.53,10.52,11.32,3989149.00,43591716.00
2018/06/12,11.76,11.76,10.93,11.48,4758648.00,53529176.00
2018/06/13,11.48,11.48,11.01,11.05,2452364.00,27404328.00
2018/06/14,10.98,11.35,10.71,10.90,3266166.00,36023540.00
2018/06/15,10.83,10.93,10.33,10.70,3024125.00,32086622.00
2018/06/19,10.50,11.00,9.81,10.70,4151227.00,43233536.00
2018/06/20,10.65,10.65,10.26,10.37,3144100.00,32711672.00
2018/06/21,10.28,10.36,9.85,9.87,2834700.00,28539800.00
2018/06/22,9.77,9.78,9.13,9.63,2443700.00,23287812.00
2018/06/25,9.62,9.78,9.46,9.47,1827800.00,17619494.00
2018/06/26,9.21,9.85,9.16,9.68,2495001.00,23830292.00
2018/06/27,9.58,9.68,9.38,9.45,1745100.00,16651976.00
2018/06/28,9.45,9.57,9.20,9.23,1096700.00,10338683.00
2018/06/29,9.29,9.49,9.21,9.44,1255734.00,11782187.00
2018/07/02,9.39,9.55,9.26,9.27,1405200.00,13233037.00
2018/07/03,9.36,9.45,9.25,9.43,1141251.00,10693845.00
2018/07/04,9.34,9.48,9.22,9.29,1112234.00,10412502.00
2018/07/05,9.30,9.37,8.56,8.66,1852627.00,16577757.00
2018/07/06,8.66,8.79,8.00,8.43,2541177.00,21328814.00
2018/07/09,8.46,8.60,8.40,8.50,1407900.00,11984627.00
2018/07/10,8.55,8.68,8.46,8.60,1496900.00,12869096.00
2018/07/11,8.59,8.59,8.05,8.16,1855000.00,15322013.00
2018/07/12,8.15,8.42,8.15,8.35,1570435.00,13079197.00
2018/07/13,8.40,9.10,8.40,8.63,3302400.00,28765172.00
2018/07/16,8.67,8.75,8.53,8.63,1634100.00,14115317.00
2018/07/17,8.66,8.68,8.51,8.60,1077461.00,9227320.00
2018/07/18,8.63,8.84,8.63,8.66,1601502.00,13966033.00
2018/07/19,8.66,8.73,8.50,8.52,1115051.00,9546317.00
2018/07/20,8.61,8.64,8.54,8.57,899128.00,7726298.00
2018/07/23,8.57,8.74,8.57,8.70,1352289.00,11738182.00
2018/07/24,8.70,9.25,8.70,8.92,2335353.00,20892862.00
2018/07/25,8.90,9.35,8.82,9.18,3760110.00,34241240.00
2018/07/26,9.13,9.97,9.02,9.79,6360225.00,60405532.00
2018/07/27,9.76,10.17,9.31,9.35,6291375.00,61066360.00
2018/07/30,9.08,9.28,9.00,9.16,2904275.00,26433060.00
2018/07/31,9.16,10.08,8.97,9.82,8220609.00,79511032.00
2018/08/01,9.67,9.75,9.21,9.23,6020284.00,56933380.00
2018/08/02,9.28,9.29,8.60,9.17,3475700.00,31248704.00
2018/08/03,9.04,9.90,9.01,9.30,5674000.00,53814960.00
2018/08/06,9.15,9.36,8.71,9.08,3693100.00,33366288.00
2018/08/07,9.02,9.23,8.86,9.10,3317300.00,29902702.00
2018/08/08,9.01,9.09,8.70,8.70,2469800.00,21943254.00
2018/08/09,8.70,8.92,8.60,8.78,1969427.00,17323062.00
2018/08/10,8.85,8.87,8.69,8.82,1355800.00,11922936.00
2018/08/13,8.64,8.79,8.58,8.74,1274800.00,11065887.00
2018/08/14,8.74,8.87,8.74,8.76,1018900.00,8960117.00
2018/08/15,8.82,8.85,8.51,8.51,1252900.00,10891616.00
2018/08/16,8.41,8.48,8.25,8.36,1192700.00,9985438.00
2018/08/17,8.45,8.50,8.21,8.22,1201500.00,10051147.00
2018/08/20,8.22,8.32,8.03,8.18,935430.00,7612105.50
2018/08/21,8.20,8.32,8.18,8.30,850071.00,7021825.50
2018/08/22,8.28,8.35,8.24,8.28,633111.00,5248102.00
2018/08/23,8.27,8.68,8.21,8.53,1665525.00,14107400.00
2018/08/24,8.48,8.56,8.33,8.34,1246578.00,10522825.00
2018/08/27,8.35,8.46,8.32,8.42,913824.00,7672996.50
2018/08/28,8.39,8.46,8.36,8.41,735400.00,6183879.00
2018/08/29,8.41,8.41,8.30,8.32,567725.00,4732887.50
2018/08/30,8.41,8.41,8.09,8.10,890900.00,7291314.50
2018/08/31,8.18,8.18,7.99,8.00,721300.00,5823006.00
2018/09/03,8.00,8.11,7.87,8.07,742800.00,5924713.00
2018/09/04,8.08,8.36,8.05,8.20,1205600.00,9890854.00
2018/09/05,8.18,8.28,8.14,8.22,1064162.00,8738245.00
2018/09/06,8.17,8.25,8.00,8.05,907700.00,7393053.00
2018/09/07,8.12,8.19,8.01,8.04,587062.00,4750787.50
2018/09/10,8.14,8.14,7.92,7.96,809262.00,6449590.50
2018/09/11,7.96,8.04,7.91,8.01,457600.00,3649944.00
2018/09/12,8.02,8.13,7.98,8.00,457400.00,3675379.00
2018/09/13,8.05,8.09,8.00,8.07,541700.00,4359860.00
2018/09/14,8.09,8.11,8.00,8.00,720300.00,5804327.00
2018/09/17,8.06,8.06,7.80,7.91,841100.00,6652975.00
2018/09/18,7.90,8.05,7.89,8.02,712400.00,5684274.00
2018/09/19,8.00,8.19,8.00,8.16,1413400.00,11496695.00
2018/09/20,8.16,8.32,8.10,8.12,621500.00,5063811.00
2018/09/21,8.12,8.22,8.10,8.19,607786.00,4962915.00
2018/09/25,8.14,8.48,8.08,8.35,1947662.00,16173051.00
2018/09/26,8.30,8.40,8.22,8.29,1384900.00,11508370.00
2018/09/27,8.27,8.27,7.91,7.91,1545200.00,12481563.00
2018/09/28,7.93,8.15,7.93,8.15,1168405.00,9453849.00
2018/10/08,8.10,8.10,7.94,8.00,898400.00,7202944.00
2018/10/09,8.00,8.09,7.99,8.05,580500.00,4667135.00
2018/10/10,8.09,8.23,8.04,8.18,1207600.00,9828786.00
2018/10/11,8.00,8.00,7.45,7.94,2182900.00,16963314.00
2018/10/12,8.36,8.36,7.54,7.80,2164346.00,17057874.00
2018/10/15,7.75,7.77,7.50,7.56,1047927.00,7957249.50
2018/10/16,7.56,7.62,7.25,7.38,963700.00,7146584.00
2018/10/17,7.39,8.12,7.38,8.12,6113231.00,48408376.00
2018/10/18,8.03,8.03,7.50,7.91,5686957.00,44105368.00
2018/10/19,7.60,7.85,7.43,7.81,2898929.00,22400856.00
2018/10/22,7.85,8.22,7.81,8.10,4285289.00,34419000.00
2018/10/23,7.99,8.10,7.89,8.05,2513686.00,20083312.00
2018/10/24,7.98,8.25,7.92,8.08,2521800.00,20389128.00
2018/10/25,7.78,7.94,7.68,7.82,1796325.00,14031988.00
2018/10/26,7.84,8.00,7.84,7.85,1064700.00,8404911.00
2018/10/29,7.69,7.83,7.66,7.75,871027.00,6752106.50
2018/10/30,7.83,7.94,7.70,7.90,1302827.00,10231177.00
2018/10/31,7.90,8.69,7.88,8.69,5726800.00,49505936.00
2018/11/01,9.56,9.56,8.73,8.86,14204167.00,131401944.00
2018/11/02,8.56,9.04,8.56,9.00,9588873.00,85054384.00
2018/11/05,9.18,9.27,8.83,9.14,8184288.00,74298544.00
2018/11/06,8.90,9.03,8.66,8.86,4765343.00,42099764.00
2018/11/07,8.77,8.95,8.65,8.74,2965112.00,26064490.00
2018/11/08,8.80,8.87,8.59,8.63,2776788.00,24283802.00
2018/11/09,8.60,8.78,8.50,8.65,2242831.00,19280984.00
2018/11/12,8.61,8.94,8.57,8.90,3432912.00,30360038.00
2018/11/13,8.82,9.03,8.69,8.91,4665760.00,41506404.00
2018/11/14,8.90,9.40,8.84,9.05,6755491.00,61482680.00
2018/11/15,8.89,9.06,8.84,8.95,3643027.00,32540046.00
2018/11/16,8.95,9.36,8.91,9.29,6377191.00,58881548.00
2018/11/19,9.22,9.99,9.16,9.37,6546300.00,62139232.00
2018/11/20,9.27,9.34,8.94,8.99,3674200.00,33580360.00
2018/11/21,9.02,9.13,8.95,9.10,2270087.00,20573244.00
2018/11/22,9.10,9.29,9.07,9.08,2548000.00,23323238.00
2018/11/23,9.04,9.18,8.84,8.96,2767900.00,24965382.00
2018/11/26,8.83,9.20,8.83,9.12,2026200.00,18409200.00
2018/11/27,9.10,9.57,9.00,9.39,4674400.00,43761404.00
2018/11/28,9.30,9.38,9.17,9.33,2844200.00,26392328.00
2018/11/29,9.37,9.99,9.32,9.35,7043400.00,67629560.00
2018/11/30,9.13,9.64,9.10,9.47,4201756.00,39499440.00
2018/12/03,9.60,9.90,9.51,9.68,5055200.00,49013456.00
2018/12/04,9.68,9.75,9.42,9.68,3159500.00,30207780.00
2018/12/05,9.52,9.55,9.38,9.48,2168100.00,20569052.00
2018/12/06,9.47,9.64,9.45,9.54,1715300.00,16354397.00
2018/12/07,9.60,9.60,9.28,9.49,2030800.00,19201306.00
2018/12/10,9.37,9.48,9.26,9.31,1564300.00,14624970.00
2018/12/11,9.36,9.48,9.31,9.36,942700.00,8855195.00
2018/12/12,9.52,9.52,9.35,9.48,1005200.00,9508463.00
2018/12/13,9.40,9.62,9.39,9.57,1765600.00,16856236.00
2018/12/14,9.59,9.69,9.24,9.24,1730400.00,16322896.00
2018/12/17,9.24,9.42,9.16,9.33,907200.00,8435400.00
2018/12/18,9.32,9.73,9.32,9.65,2175401.00,20758530.00
2018/12/19,9.56,9.70,9.50,9.62,1549400.00,14890345.00
2018/12/20,9.64,9.68,9.49,9.57,1190455.00,11389224.00
2018/12/21,9.59,9.77,9.50,9.56,1691400.00,16234065.00
2019/01/02,10.15,10.15,8.91,8.95,4944801.00,47714908.00
2019/01/03,8.60,8.85,8.06,8.62,2482072.00,21221472.00
2019/01/04,8.35,8.84,8.33,8.73,1638201.00,14125340.00
2019/01/07,8.76,9.22,8.76,8.87,2056300.00,18393288.00
2019/01/08,8.89,9.07,8.85,9.04,1189100.00,10666481.00
2019/01/09,9.05,9.25,9.01,9.12,1654500.00,15096368.00
2019/01/10,9.12,9.23,9.03,9.23,975485.00,8945120.00
2019/01/11,9.23,9.95,9.21,9.84,3061800.00,29402736.00
2019/01/14,9.84,9.93,9.62,9.69,1760000.00,17053340.00
2019/01/15,9.60,9.77,9.55,9.63,1688100.00,16297730.00
2019/01/16,9.65,9.85,9.45,9.65,1073700.00,10294117.00
2019/01/17,9.63,9.65,9.43,9.46,736000.00,7015126.00
2019/01/18,9.58,9.58,9.37,9.48,659700.00,6245057.00
2019/01/21,9.55,9.55,9.40,9.46,726800.00,6880527.00
2019/01/22,9.41,9.69,9.41,9.63,1306785.00,12502179.00
2019/01/23,9.63,9.63,9.42,9.50,935600.00,8862619.00
2019/01/24,9.41,9.52,9.39,9.43,962000.00,9095457.00
2019/01/25,9.44,9.51,9.35,9.36,609400.00,5736549.00
2019/01/28,9.37,9.44,8.96,9.00,1301500.00,11935118.00
2019/01/29,8.99,9.45,8.90,8.95,1278400.00,11565009.00
2019/01/30,8.89,9.15,8.88,9.04,1086400.00,9855462.00
2019/01/31,8.96,9.14,8.74,8.74,870600.00,7726059.00
2019/02/01,8.76,8.98,8.76,8.97,564100.00,5017590.00
2019/02/11,8.85,9.11,8.85,9.08,490500.00,4445613.00
2019/02/12,9.08,9.23,9.06,9.13,808800.00,7391612.00
2019/02/13,9.13,9.21,9.12,9.16,1022910.00,9360520.00
2019/02/14,9.16,9.17,9.09,9.12,1013900.00,9258320.00
2019/02/15,9.14,9.46,9.11,9.18,1446500.00,13296392.00
2019/02/18,9.19,9.43,9.18,9.39,1812210.00,16877918.00
2019/02/19,9.33,9.43,9.26,9.36,1241200.00,11589073.00
2019/02/20,9.36,9.59,9.29,9.45,2012800.00,19029050.00
2019/02/21,9.45,9.52,9.30,9.35,1594900.00,15006872.00
2019/02/22,9.33,9.47,9.30,9.41,1700800.00,15944835.00
2019/02/25,9.46,9.80,9.36,9.76,5765310.00,55286404.00
2019/02/26,9.90,9.90,9.63,9.70,4296801.00,41875612.00
2019/02/27,9.65,9.80,9.61,9.80,2553755.00,24845940.00
2019/02/28,9.83,10.78,9.76,10.78,8879302.00,92389264.00
2019/03/01,10.78,10.92,10.40,10.51,7190867.00,76011944.00
2019/03/04,10.51,10.83,10.43,10.68,7285966.00,77492304.00
2019/03/05,10.47,10.80,10.46,10.77,4914036.00,52402376.00
2019/03/06,10.80,11.16,10.70,10.93,6085876.00,66335164.00
2019/03/07,10.94,10.96,10.70,10.85,4753200.00,51360808.00
2019/03/08,10.79,10.79,10.03,10.10,4317200.00,44789808.00
2019/03/11,10.15,10.76,10.01,10.62,3668200.00,38646844.00
2019/03/12,10.64,10.84,10.54,10.71,5360036.00,57431820.00
2019/03/13,10.74,11.56,10.56,11.18,10216886.00,113742168.00
2019/03/14,11.10,11.27,10.77,10.81,5018251.00,55318288.00
2019/03/15,10.60,11.49,10.60,11.17,6431878.00,70762176.00
2019/03/18,11.19,11.34,11.00,11.19,4808327.00,53847420.00
2019/03/19,11.20,11.30,10.77,11.21,4693000.00,51811920.00
2019/03/20,11.26,11.26,10.96,11.14,2834200.00,31516066.00
2019/03/21,11.14,11.20,11.03,11.05,3423886.00,38011720.00
2019/03/22,11.04,11.28,10.98,11.15,3107279.00,34568440.00
2019/03/25,11.15,11.41,11.01,11.41,4152253.00,46598708.00
2019/03/26,11.41,11.95,11.39,11.92,8634238.00,101623056.00
2019/03/27,11.80,11.92,11.13,11.24,5522700.00,63122304.00
2019/03/28,11.29,11.32,10.60,10.79,4237000.00,46302116.00
2019/03/29,10.79,11.20,10.73,11.18,3168929.00,35044760.00
2019/04/01,11.50,11.72,11.33,11.54,4352301.00,50175248.00
2019/04/02,11.65,11.95,11.49,11.64,5065800.00,59295724.00
2019/04/03,11.54,11.89,11.37,11.75,3406009.00,39970216.00
2019/04/04,11.95,11.96,11.45,11.71,3700252.00,43397120.00
2019/04/08,11.71,11.85,11.25,11.64,4520910.00,52342620.00
2019/04/09,11.63,11.64,11.21,11.51,4067010.00,46512172.00
2019/04/10,11.28,12.66,11.28,11.72,6514882.00,77575512.00
2019/04/11,11.60,11.78,11.33,11.34,2899692.00,33304468.00
2019/04/12,11.36,11.48,11.09,11.29,2875443.00,32265624.00
2019/04/15,11.40,11.52,11.01,11.24,2060620.00,23313752.00
2019/04/16,11.24,11.35,10.96,11.30,2300300.00,25700128.00
2019/04/17,11.30,11.40,11.26,11.32,1919801.00,21757320.00
2019/04/18,11.38,11.39,11.02,11.07,2599455.00,29019724.00
2019/04/19,11.00,11.45,10.97,11.44,3230528.00,36342512.00
2019/04/22,11.44,11.50,11.20,11.20,2183200.00,24657364.00
2019/04/23,11.19,11.22,10.97,10.98,1642925.00,18168248.00
2019/04/24,10.98,11.15,10.88,11.07,893500.00,9836956.00
2019/04/25,11.00,11.25,10.83,10.90,2015500.00,22333588.00
2019/04/26,10.88,10.95,10.63,10.82,2152885.00,23163224.00
2019/04/29,10.82,11.00,10.15,10.67,2100589.00,22511500.00
2019/04/30,10.60,11.20,10.33,11.18,2224055.00,24279634.00
2019/05/06,10.95,10.95,10.30,10.58,2394401.00,25690240.00
2019/05/07,10.70,10.96,10.51,10.84,1806080.00,19432884.00
2019/05/08,10.66,10.99,10.52,10.72,815900.00,8810015.00
2019/05/09,10.68,10.82,10.38,10.63,708700.00,7552615.00
2019/05/10,10.67,10.94,10.64,10.81,993100.00,10720541.00
2019/05/13,10.68,10.80,10.53,10.58,925200.00,9852313.00
2019/05/14,10.58,10.61,10.13,10.17,1139025.00,11837255.00
2019/05/15,10.40,10.50,10.15,10.21,1202700.00,12326246.00
2019/05/16,10.24,10.40,10.15,10.31,1000200.00,10282519.00
2019/05/17,10.38,10.45,9.98,10.01,1256600.00,12818086.00
2019/05/20,10.05,10.20,9.68,9.75,1262955.00,12355905.00
2019/05/21,9.65,10.58,8.78,10.18,2120704.00,21316456.00
2019/05/22,10.00,10.19,9.89,9.94,1014300.00,10136914.00
2019/05/23,9.82,9.94,9.62,9.62,769128.00,7491725.50
2019/05/24,9.87,9.89,9.51,9.69,635404.00,6154435.50
2019/05/27,9.69,10.12,9.69,10.02,1103200.00,11030210.00
2019/05/28,10.02,10.19,9.94,9.99,1190325.00,11969189.00
2019/05/29,9.99,10.23,9.96,10.15,1417125.00,14393719.00
2019/05/30,10.22,10.22,10.03,10.12,534000.00,5379578.00
2019/05/31,9.99,10.18,9.97,10.00,624200.00,6276017.00
2019/06/03,9.97,10.17,9.94,9.98,497925.00,4989116.00
2019/06/04,10.05,10.07,9.45,9.46,1264325.00,12195993.00
2019/06/05,9.63,9.70,9.58,9.66,618520.00,5963328.50
2019/06/06,9.68,9.68,8.80,9.66,2242727.00,20557408.00
2019/06/10,9.41,9.65,9.28,9.65,1206073.00,11414481.00
2019/06/11,9.55,9.97,9.53,9.87,1193823.00,11661139.00
2019/06/12,9.87,9.94,9.60,9.64,978806.00,9534271.00
2019/06/13,9.51,9.88,9.31,9.75,1007805.00,9824977.00
2019/06/14,9.74,9.74,9.52,9.53,541580.00,5211831.00
2019/06/17,9.24,9.60,9.24,9.58,682042.00,6517869.00
2019/06/18,9.51,9.62,9.35,9.39,470387.00,4457639.00
2019/06/19,9.50,9.68,9.49,9.53,502900.00,4800004.00
2019/06/20,9.53,9.63,9.41,9.58,815004.00,7774521.00
2019/06/21,9.71,9.84,9.71,9.72,941000.00,9186566.00
2019/06/24,9.75,10.56,9.75,10.17,2641270.00,26785464.00
2019/06/25,10.00,10.36,9.97,9.98,1467297.00,14825324.00
2019/06/26,9.91,10.14,9.79,9.95,775525.00,7727786.00
2019/06/27,9.91,10.06,9.85,9.86,694200.00,6879842.00
2019/06/28,9.85,9.94,9.72,9.73,771600.00,7537841.00
2019/07/01,9.81,9.98,9.79,9.93,1109400.00,11010462.00
2019/07/02,9.99,10.15,9.90,10.06,1424700.00,14362106.00
2019/07/03,10.00,10.18,9.91,10.10,1555947.00,15738068.00
2019/07/04,10.06,10.16,9.99,9.99,955100.00,9603919.00
2019/07/05,9.95,10.09,9.90,9.95,786000.00,7873292.00
2019/07/08,10.06,10.09,9.80,9.89,1078500.00,10679364.00
2019/07/09,9.83,9.98,9.71,9.77,544800.00,5339689.00
2019/07/10,9.67,9.88,9.65,9.71,363804.00,3539236.75
2019/07/11,9.79,9.86,9.68,9.70,379104.00,3704396.75
2019/07/12,9.73,9.81,9.62,9.79,312900.00,3047670.00
2019/07/15,9.79,9.91,9.68,9.77,391100.00,3821715.00
2019/07/16,9.83,10.10,9.83,10.01,985112.00,9858670.00
2019/07/17,10.07,10.11,9.94,10.01,482800.00,4840046.00
2019/07/18,10.00,10.06,9.80,9.93,522426.00,5206010.00
2019/07/19,9.90,10.03,9.80,9.88,453200.00,4495452.00
2019/07/22,9.79,9.96,9.72,9.74,494300.00,4846790.00
2019/07/23,9.87,9.87,9.64,9.72,529110.00,5138190.50
2019/07/24,9.88,10.20,9.74,10.05,1392915.00,13943423.00
2019/07/25,10.08,10.11,9.93,10.00,784900.00,7869159.50
2019/07/26,9.99,10.04,9.97,9.98,624400.00,6243275.00
2019/07/29,10.02,10.10,9.93,10.05,538400.00,5408480.00
2019/07/30,10.15,10.18,10.03,10.18,1191100.00,12071491.00
2019/07/31,10.19,10.98,10.10,10.69,3696516.00,39227936.00
2019/08/01,10.69,10.77,10.30,10.33,1802205.00,18996016.00
2019/08/02,10.15,10.44,10.15,10.23,1206704.00,12384010.00
2019/08/05,10.23,10.50,10.20,10.31,1129115.00,11706930.00
2019/08/06,10.30,10.30,9.81,9.90,1561500.00,15555445.00
2019/08/07,10.01,10.08,9.88,9.91,540200.00,5386068.00
2019/08/08,10.02,10.05,9.87,9.87,616401.00,6131348.00
2019/08/09,9.97,10.07,9.93,9.98,842000.00,8427909.00
2019/08/12,9.95,10.17,9.92,10.15,823962.00,8304203.50
2019/08/13,10.12,10.12,9.90,10.07,709604.00,7104951.00
2019/08/14,10.12,10.27,10.10,10.22,1090891.00,11107047.00
2019/08/15,10.13,10.13,9.69,10.05,766800.00,7696426.00
2019/08/16,10.10,10.57,10.05,10.43,2211600.00,22949372.00
2019/08/19,10.75,10.75,10.30,10.62,2144300.00,22661728.00
2019/08/20,10.59,10.65,10.41,10.47,1403400.00,14729054.00
2019/08/21,10.50,10.95,10.45,10.77,2705007.00,29009010.00
2019/08/22,10.78,10.88,10.67,10.69,1446600.00,15564556.00
2019/08/23,10.75,10.85,10.52,10.77,1443000.00,15442525.00
2019/08/26,10.62,10.79,10.41,10.54,1530200.00,16278596.00
2019/08/27,10.66,10.78,10.58,10.65,1436600.00,15380597.00
2019/08/28,10.59,10.70,10.50,10.61,1029200.00,10922465.00
2019/08/29,10.65,10.90,10.62,10.86,1959306.00,21193356.00
2019/08/30,10.80,11.30,10.79,11.06,2652200.00,29386424.00
2019/09/02,11.01,11.48,11.01,11.34,3067829.00,34784832.00
2019/09/03,11.31,11.45,11.19,11.31,1723000.00,19530920.00
2019/09/04,11.23,11.79,11.23,11.75,4529256.00,52765704.00
2019/09/05,11.80,11.89,11.55,11.60,3754200.00,43837416.00
2019/09/06,11.60,11.93,11.45,11.86,3782232.00,44274748.00
2019/09/09,12.00,12.28,11.63,11.83,2901700.00,34541816.00
2019/09/10,11.66,11.71,11.23,11.38,3596000.00,41002928.00
2019/09/11,11.37,11.47,11.20,11.38,1735427.00,19641536.00
2019/09/12,11.38,11.45,11.27,11.40,1035200.00,11758602.00
2019/09/16,11.36,11.78,11.36,11.48,1853507.00,21485344.00
2019/09/17,11.50,11.64,11.32,11.49,1547700.00,17846776.00
2019/09/18,11.58,12.20,11.36,12.18,4060527.00,48355188.00
2019/09/19,12.28,12.28,11.78,12.05,2997651.00,36090472.00
2019/09/20,12.27,12.27,11.80,11.95,1340100.00,15989726.00
2019/09/23,11.77,12.00,11.77,11.98,1518100.00,18121074.00
2019/09/24,11.90,12.18,11.88,11.92,1865877.00,22368842.00
2019/09/25,12.00,12.02,11.83,11.92,1460500.00,17381514.00
2019/09/26,12.00,12.01,11.73,11.73,1577747.00,18697108.00
2019/09/27,11.92,12.38,11.67,12.29,2571174.00,31282742.00
2019/09/30,12.33,12.77,12.33,12.60,2463500.00,30844904.00
2019/10/08,12.60,13.86,12.41,13.70,7463258.00,100709504.00
2019/10/09,13.70,15.05,13.05,15.04,9549616.00,138428368.00
2019/10/10,14.94,15.68,14.31,14.40,8625288.00,127548512.00
2019/10/11,14.37,14.75,14.08,14.44,5326300.00,76951056.00
2019/10/14,14.48,14.52,13.92,14.03,5064053.00,71632584.00
2019/10/15,14.18,14.41,13.76,14.12,3621554.00,50994984.00
2019/10/16,14.15,15.49,13.93,15.41,7368780.00,109549504.00
2019/10/17,15.41,16.00,15.17,15.33,5958981.00,92750856.00
2019/10/18,15.70,15.76,14.76,14.77,3411400.00,51296076.00
2019/10/21,14.77,15.68,14.40,15.65,4169499.00,62691456.00
2019/10/22,15.29,15.79,15.26,15.29,4722299.00,73084360.00
2019/10/23,15.00,15.20,14.60,14.68,3688771.00,54694840.00
2019/10/24,14.39,15.20,14.37,14.79,2698500.00,40014280.00
2019/10/25,14.79,14.88,14.51,14.56,2001300.00,29333432.00
2019/10/28,14.65,15.19,14.61,15.09,2554209.00,38221336.00
2019/10/29,15.17,15.22,14.75,14.85,1799662.00,26874578.00
2019/10/30,14.80,14.80,14.30,14.57,2224362.00,32348812.00
2019/10/31,14.78,14.78,14.52,14.58,1425733.00,20848384.00
2019/11/01,14.77,15.37,14.44,15.10,2725691.00,41231388.00
2019/11/04,15.50,15.55,15.00,15.37,2524291.00,38595660.00
2019/11/05,15.20,16.83,15.20,16.56,6617572.00,108637144.00
2019/11/06,16.52,16.78,15.80,16.17,4519710.00,73184224.00
2019/11/07,16.08,16.42,15.89,16.21,2692101.00,43424492.00
2019/11/08,16.24,16.42,15.73,15.85,3061900.00,48733904.00
2019/11/11,16.00,16.00,15.45,15.60,2349100.00,36821976.00
2019/11/12,15.89,15.89,15.37,15.83,3797532.00,59599400.00
2019/11/13,16.06,16.06,15.41,15.55,1882800.00,29326652.00
2019/11/14,15.55,15.76,15.38,15.65,1512010.00,23668752.00
2019/11/15,15.65,15.66,15.10,15.15,2053926.00,31362634.00
2019/11/18,15.15,15.38,14.90,15.06,1908900.00,28819158.00
2019/11/19,15.26,15.46,14.90,15.38,1496700.00,22943764.00
2019/11/20,15.50,15.60,14.97,15.01,1674394.00,25424776.00
2019/11/21,15.10,15.36,15.02,15.25,1369600.00,20792084.00
2019/11/22,15.40,15.40,15.10,15.27,1205890.00,18372094.00
2019/11/25,15.28,15.98,15.20,15.88,3906066.00,61244076.00
2019/11/26,15.80,16.10,15.50,15.87,1821245.00,28837886.00
2019/11/27,15.96,16.18,15.90,16.05,2219831.00,35624128.00
2019/11/28,16.05,16.29,15.91,15.96,1674400.00,26937682.00
2019/11/29,15.93,16.17,15.65,16.03,1960948.00,31266540.00
2019/12/02,16.03,16.33,15.95,16.06,1893700.00,30462164.00
2019/12/03,15.68,16.07,15.68,16.03,1212900.00,19379428.00
2019/12/04,16.05,16.33,15.87,16.20,1825360.00,29533312.00
2019/12/05,16.40,16.88,16.13,16.65,3090802.00,51028656.00
2019/12/06,16.70,17.49,16.70,17.17,4780520.00,81760184.00
2019/12/09,16.99,16.99,15.45,15.45,6802800.00,107448768.00
2019/12/10,14.02,15.25,14.01,14.76,9707340.00,141715136.00
2019/12/11,14.79,14.85,14.10,14.18,6646789.00,95192256.00
2019/12/12,14.21,14.60,14.03,14.45,3070391.00,44027392.00
2019/12/13,14.53,15.90,14.52,15.90,5952438.00,92569480.00
2019/12/16,16.53,16.53,15.35,15.83,6465102.00,101945680.00
2019/12/17,15.86,15.95,15.54,15.95,3373200.00,53342468.00
2019/12/18,16.18,16.18,15.76,16.13,3082510.00,49311544.00
2019/12/19,16.05,16.64,16.05,16.36,3024770.00,49431060.00
2019/12/20,16.25,17.00,16.25,16.79,5370621.00,90390256.00
2019/12/23,15.59,16.40,15.45,15.77,5897500.00,93067592.00
2019/12/24,15.83,17.29,15.83,16.69,8082632.00,135121760.00
2019/12/25,16.40,16.84,16.15,16.45,5841000.00,96133160.00
2019/12/26,16.18,16.40,15.80,15.95,5876332.00,94210640.00
2019/12/27,16.25,16.25,15.50,15.53,4615700.00,72442208.00
2019/12/30,15.00,15.24,14.00,14.73,9899553.00,143808304.00
2019/12/31,14.52,14.74,14.21,14.33,4723972.00,68073568.00
2020/01/02,14.59,15.12,14.32,14.90,5360543.00,78740872.00
2020/01/03,14.73,15.20,14.73,14.93,3578700.00,53391892.00
2020/01/06,14.80,15.05,14.35,14.94,3909100.00,57939904.00
2020/01/07,14.76,15.08,14.73,15.00,2955664.00,44032220.00
2020/01/08,15.05,15.05,14.60,14.67,2643900.00,39108436.00
2020/01/09,14.76,14.87,14.70,14.82,1419500.00,20970270.00
2020/01/10,14.87,14.90,14.58,14.74,1635700.00,24051318.00
2020/01/13,14.65,14.75,14.37,14.70,1850500.00,27015292.00
2020/01/14,14.71,14.75,14.56,14.69,2373800.00,34822416.00
2020/01/15,14.65,15.10,14.62,14.69,3157804.00,46827164.00
2020/01/16,14.65,14.70,14.47,14.60,1844905.00,26897050.00
2020/01/17,14.64,14.68,14.43,14.55,1844000.00,26831758.00
2020/01/20,14.55,14.64,14.31,14.55,1783500.00,25917956.00
2020/01/21,14.46,14.75,14.46,14.61,1604547.00,23487622.00
2020/01/22,14.61,14.79,14.33,14.43,2068902.00,30120996.00
2020/01/23,14.35,14.52,14.03,14.13,2125541.00,30256030.00
2020/02/03,12.72,12.72,12.72,12.72,1332000.00,16943040.00
2020/02/04,11.45,13.25,11.45,13.11,3562169.00,45743384.00
2020/02/05,13.28,13.78,13.24,13.60,2019100.00,27468256.00
2020/02/06,13.85,13.93,13.30,13.32,3480500.00,47037664.00
2020/02/07,13.45,13.60,12.78,12.98,3335840.00,43560156.00
2020/02/10,12.78,13.15,12.60,13.14,1717870.00,22295372.00
2020/02/11,13.16,13.48,13.05,13.34,2467800.00,32804322.00
2020/02/12,13.40,13.45,13.11,13.30,1739445.00,23121120.00
2020/02/13,13.06,13.34,13.06,13.12,1513700.00,19882956.00
2020/02/14,13.00,13.13,13.00,13.08,996939.00,13011249.00
2020/02/17,13.03,13.78,13.03,13.75,2177292.00,29061236.00
2020/02/18,13.75,13.99,13.50,13.95,2846750.00,39217900.00
2020/02/19,13.80,14.50,13.70,14.17,2763695.00,38940660.00
2020/02/20,14.40,15.00,14.04,14.94,3912530.00,57529772.00
2020/02/21,14.94,15.03,14.49,14.90,2158400.00,32066180.00
2020/02/24,14.88,14.88,13.87,14.10,6280603.00,89464552.00
2020/02/25,13.70,14.38,13.53,14.16,3735210.00,52040524.00
2020/02/26,14.10,14.27,13.91,13.98,1924400.00,27121818.00
2020/02/27,13.97,14.14,13.80,14.01,1719400.00,24076524.00
2020/02/28,13.98,13.98,13.30,13.43,1652192.00,22389332.00
2020/03/02,13.57,13.99,13.41,13.91,2154100.00,29701662.00
2020/03/03,13.91,14.13,13.70,13.77,2262700.00,31359868.00
2020/03/04,13.69,13.90,13.60,13.78,1100700.00,15124901.00
2020/03/05,13.85,13.97,13.75,13.90,1771100.00,24567116.00
2020/03/06,13.76,14.61,13.76,14.30,3847000.00,55021492.00
2020/03/09,14.13,14.38,13.62,13.81,2277597.00,31738210.00
2020/03/10,13.61,14.19,13.42,14.05,2205503.00,30519982.00
2020/03/11,14.05,14.16,13.64,13.69,1966003.00,27275102.00
2020/03/12,13.62,13.67,13.01,13.24,1480700.00,19647798.00
2020/03/13,12.69,13.13,12.60,13.04,2611600.00,33540432.00
2020/03/16,13.04,13.30,12.50,12.53,1974300.00,25294656.00
2020/03/17,12.53,12.90,11.91,12.60,1573800.00,19486096.00
2020/03/18,12.63,12.95,12.51,12.54,916500.00,11654131.00
2020/03/19,12.58,12.58,11.99,12.41,1363600.00,16706859.00
2020/03/20,12.41,12.78,12.06,12.40,1757400.00,21615930.00
2020/03/23,12.20,12.40,11.81,11.88,1912100.00,22935858.00
2020/03/24,12.26,12.26,11.71,12.11,2774700.00,33386932.00
2020/03/25,12.24,13.32,12.24,13.32,6118888.00,79803384.00
2020/03/26,13.17,13.48,12.89,12.89,3987895.00,52614048.00
2020/03/27,13.03,13.30,12.90,13.01,3069786.00,40075556.00
2020/03/30,12.89,13.07,12.60,12.89,1806900.00,23193958.00
2020/03/31,13.01,13.17,12.83,13.09,1424800.00,18541516.00
2020/04/01,13.07,13.32,12.88,13.23,1570000.00,20577040.00
2020/04/02,13.24,13.73,13.18,13.66,2619600.00,35191888.00
2020/04/03,13.71,14.10,13.54,14.06,2210580.00,30799816.00
2020/04/07,14.17,14.98,14.17,14.54,4462700.00,65003748.00
2020/04/08,14.56,14.82,14.50,14.77,3729794.00,54769120.00
2020/04/09,14.88,14.90,14.61,14.81,2303995.00,34061200.00
2020/04/10,15.00,15.10,14.10,14.39,3100012.00,44752504.00
2020/04/13,14.45,14.53,13.91,14.16,1916800.00,27184264.00
2020/04/14,14.30,14.96,14.20,14.75,3363812.00,49209488.00
2020/04/15,14.83,15.55,14.70,15.53,4786812.00,72890584.00
2020/04/16,15.34,16.26,15.13,15.79,4369312.00,68686480.00
2020/04/17,15.67,16.15,15.41,15.95,4001532.00,63796784.00
2020/04/20,15.78,16.07,15.50,15.74,3179400.00,50230932.00
2020/04/21,15.91,15.91,15.39,15.67,2786600.00,43418776.00
2020/04/22,15.67,16.50,15.45,16.21,4678600.00,75311320.00
2020/04/23,16.27,16.65,16.23,16.45,3218656.00,52996120.00
2020/04/24,16.52,16.54,15.93,16.23,2666995.00,43489692.00
2020/04/27,16.40,16.50,16.00,16.01,2864500.00,46277280.00
2020/04/28,15.98,16.10,14.90,15.65,5617100.00,87962192.00
2020/04/29,15.79,16.66,15.52,16.18,4812800.00,78257368.00
2020/04/30,16.14,16.64,16.05,16.64,3363126.00,54917800.00
2020/05/06,16.73,16.73,15.47,15.90,4575700.00,72995360.00
2020/05/07,15.89,16.97,15.75,16.87,5006308.00,82725632.00
2020/05/08,16.52,17.25,16.50,17.06,4305900.00,73110992.00
2020/05/11,16.82,17.17,16.74,16.83,2716051.00,45909632.00
2020/05/12,16.83,17.27,16.48,17.06,3078600.00,52401464.00
2020/05/13,17.32,17.32,16.77,17.08,2207800.00,37507624.00
2020/05/14,16.96,17.17,16.75,16.79,2023700.00,34106004.00
2020/05/15,16.88,16.88,16.14,16.20,4266600.00,70012072.00
2020/05/18,16.44,16.44,14.89,14.93,6219100.00,95260472.00
2020/05/19,14.97,15.26,14.46,14.77,5110622.00,75383384.00
2020/05/20,14.70,15.03,14.07,14.73,2941100.00,43228972.00
2020/05/21,14.80,15.50,14.28,15.33,4248501.00,63477884.00
2020/05/22,15.25,15.81,15.00,15.08,2985700.00,45714520.00
2020/05/25,15.08,15.30,14.18,15.15,4003400.00,60032816.00
2020/05/26,15.26,15.80,15.20,15.45,2754900.00,42571512.00
2020/05/27,15.51,15.86,15.40,15.73,2283604.00,35832896.00
2020/05/28,15.73,16.16,15.57,16.06,3720000.00,59481648.00
2020/05/29,16.34,16.34,15.84,15.95,3863500.00,61848632.00
2020/06/01,16.13,16.56,15.75,16.42,4365800.00,71104288.00
2020/06/02,16.31,16.48,15.91,16.12,2983300.00,48179780.00
2020/06/03,16.12,16.37,15.80,16.05,2971300.00,47782068.00
2020/06/04,16.28,16.28,15.82,15.96,1885900.00,30128366.00
2020/06/05,15.96,16.28,15.58,15.96,3299700.00,52305088.00
2020/06/08,15.53,16.00,15.30,15.53,3334800.00,51808120.00
2020/06/09,15.53,15.66,15.21,15.60,1972500.00,30451892.00
2020/06/10,15.59,15.60,15.16,15.35,1514800.00,23236472.00
2020/06/11,15.24,15.44,15.15,15.16,1493700.00,22854084.00
2020/06/12,15.15,15.38,14.60,15.37,1623000.00,24567396.00
2020/06/15,15.38,16.91,15.24,16.91,10696113.00,178252256.00
2020/06/16,16.98,17.88,16.80,17.50,10859829.00,188169424.00
2020/06/17,17.35,17.86,17.00,17.60,6184800.00,108593224.00
2020/06/18,17.52,17.79,17.07,17.15,7358304.00,128579856.00
2020/06/19,17.36,17.70,17.00,17.03,3694700.00,63417888.00
2020/06/22,17.10,17.10,15.50,15.79,10998556.00,179469104.00
2020/06/23,16.00,16.08,15.35,15.50,6995500.00,108605312.00
2020/06/24,15.68,15.68,14.79,14.96,9122400.00,137404288.00
2020/06/29,14.90,15.20,14.77,14.80,4918000.00,73323128.00
2020/06/30,14.84,15.10,14.70,14.79,3840300.00,57242844.00
2020/07/01,14.86,14.90,14.10,14.36,6142304.00,88706736.00
2020/07/02,14.39,14.49,14.22,14.45,4048700.00,58282208.00
2020/07/03,14.45,15.68,14.32,15.37,10182495.00,153505696.00
2020/07/06,15.37,15.45,15.03,15.29,9468895.00,144256048.00
2020/07/07,15.29,15.30,15.00,15.10,7294100.00,110076768.00
2020/07/08,15.20,15.47,14.99,15.32,6201164.00,94671152.00
2020/07/09,15.33,16.85,15.06,16.85,15137818.00,245694448.00
2020/07/10,16.99,18.54,16.88,18.54,34297480.00,622598592.00
2020/07/13,18.30,18.30,16.69,17.60,26085672.00,448723904.00
2020/07/14,17.20,17.63,16.58,17.11,13348201.00,228145760.00
2020/07/15,17.02,17.99,16.77,17.36,12893376.00,225524800.00
2020/07/16,17.00,17.78,16.50,17.27,14842705.00,255491072.00
2020/07/17,17.30,18.96,17.00,18.30,14253339.00,253295728.00
2020/07/20,18.17,19.88,17.86,19.14,26888304.00,508019008.00
2020/07/21,18.65,20.00,18.53,19.46,15926928.00,306347744.00
2020/07/22,19.29,20.86,19.00,19.87,14693781.00,293204384.00
2020/07/23,19.51,20.23,19.28,19.51,10529900.00,207799488.00
2020/07/24,19.52,19.90,17.65,17.94,13322200.00,249145696.00
2020/07/27,18.11,19.50,17.85,19.01,10450305.00,196576112.00
2020/07/28,19.02,20.31,18.89,19.82,11158500.00,219682560.00
2020/07/29,19.98,20.50,19.40,20.20,9691400.00,194558048.00
2020/07/30,20.08,21.21,19.73,20.84,14462943.00,294359744.00
2020/07/31,20.98,21.14,20.27,21.08,10300331.00,213870144.00
2020/08/03,20.99,21.12,19.87,20.99,14811550.00,304678432.00
2020/08/04,20.55,21.96,20.51,21.74,11497133.00,246574384.00
2020/08/05,21.49,23.59,21.49,23.40,10646000.00,239152416.00
2020/08/06,23.47,25.20,22.61,22.99,10654800.00,248410272.00
2020/08/07,23.00,25.29,22.88,25.21,15922908.00,386046656.00
2020/08/10,25.80,25.80,22.69,22.87,18355900.00,433490464.00
2020/08/11,22.80,25.16,22.70,25.00,14653906.00,355147392.00
2020/08/12,24.70,25.33,23.16,25.19,12682100.00,310786464.00
2020/08/13,25.19,27.15,24.63,26.08,12299356.00,318120416.00
2020/08/14,26.00,26.12,24.94,25.31,10614083.00,270159168.00
2020/08/17,24.98,24.98,22.78,23.24,14572837.00,338349600.00
2020/08/18,21.50,22.54,21.00,21.40,15380400.00,335157760.00
2020/08/19,21.61,21.83,20.42,20.42,9544100.00,199465920.00
2020/08/20,20.22,21.69,19.78,21.19,8443037.00,175225008.00
2020/08/21,20.98,22.18,20.92,21.69,6847200.00,149469856.00
2020/08/24,21.69,21.89,20.00,21.23,8079600.00,168761728.00
2020/08/25,21.49,22.38,20.74,22.08,8555400.00,185615568.00
2020/08/26,21.99,22.20,21.01,21.15,5474200.00,117593056.00
2020/08/27,21.38,21.55,20.54,21.26,3338300.00,70587520.00
2020/08/28,21.40,23.29,21.25,23.07,10316883.00,234427600.00
2020/08/31,22.80,23.75,22.26,22.58,7431500.00,169339312.00
2020/09/01,22.55,22.59,21.00,21.64,6759900.00,146633088.00
2020/09/02,21.73,23.08,21.46,21.71,6386676.00,141460112.00
2020/09/03,21.74,22.29,21.45,22.02,5093111.00,111251536.00
2020/09/04,21.90,22.85,21.55,22.52,5590981.00,124171872.00
2020/09/07,22.39,23.57,22.32,23.07,8519287.00,197392096.00
2020/09/08,23.54,23.70,22.58,22.78,5948000.00,136918688.00
2020/09/09,22.76,22.99,22.00,22.38,4221487.00,94522128.00
2020/09/10,22.84,22.84,22.03,22.14,3587102.00,80179184.00
2020/09/11,22.40,22.60,21.74,22.29,3041601.00,67219456.00
2020/09/14,22.55,22.55,20.80,21.52,6008001.00,129280936.00
2020/09/15,21.55,21.97,21.24,21.80,3076000.00,66377032.00
2020/09/16,21.90,22.28,20.90,21.01,5103900.00,108064120.00
2020/09/17,21.28,21.29,20.52,20.69,3216900.00,67006872.00
2020/09/18,20.60,21.73,20.45,21.48,4259500.00,90631352.00
2020/09/21,21.43,21.80,21.04,21.06,3005800.00,64095936.00
2020/09/22,20.84,21.38,20.50,20.64,3007400.00,62301864.00
2020/09/23,20.75,21.13,20.56,21.03,2479187.00,51797220.00
2020/09/24,20.91,21.11,20.00,20.26,3728100.00,76089408.00
2020/09/25,20.28,20.80,19.58,19.76,3900501.00,78197208.00
2020/09/28,20.00,20.50,19.65,20.12,4594100.00,92908032.00
2020/09/29,20.05,22.00,20.05,21.93,7520635.00,160889952.00
2020/09/30,21.92,22.56,21.68,22.33,4193600.00,93539184.00
2020/10/09,21.97,22.49,21.23,21.45,6401173.00,138491328.00
2020/10/12,21.32,22.80,21.11,22.33,5706775.00,126521424.00
2020/10/13,22.05,22.32,21.45,21.70,4874824.00,106016688.00
2020/10/14,21.68,21.96,21.32,21.69,1936300.00,41729520.00
2020/10/15,21.65,21.87,21.40,21.82,2808322.00,60832380.00
2020/10/16,21.81,22.30,21.53,22.20,3526900.00,77531528.00
2020/10/19,22.50,22.80,21.80,22.42,6042333.00,134432208.00
2020/10/20,22.40,22.82,21.71,22.28,4754690.00,106168104.00
2020/10/21,22.07,22.47,21.78,21.88,2818790.00,62158300.00
2020/10/22,21.86,22.03,21.50,21.79,1971024.00,42891964.00
2020/10/23,21.98,21.98,21.45,21.60,3333600.00,72480808.00
2020/10/26,21.60,21.64,20.70,20.72,3272400.00,68986648.00
2020/10/27,20.70,20.90,20.57,20.60,1917200.00,39662072.00
2020/10/28,20.60,20.70,20.11,20.19,2704200.00,54968008.00
2020/10/29,20.16,20.40,19.80,20.18,2951332.00,59482052.00
2020/10/30,20.20,20.25,19.55,20.08,4043630.00,80631744.00
2020/11/02,20.08,21.30,19.93,20.36,2888399.00,58801964.00
2020/11/03,20.30,20.37,19.77,20.02,3223669.00,64736072.00
2020/11/04,20.02,20.24,19.80,20.01,1691516.00,33858488.00
2020/11/05,20.11,20.39,20.01,20.26,2184963.00,44189040.00
2020/11/06,20.30,21.08,20.26,20.95,2725915.00,56300236.00
2020/11/09,20.85,20.97,20.25,20.36,3993117.00,81592136.00
2020/11/10,20.45,20.56,20.11,20.13,2075502.00,42177608.00
2020/11/11,20.13,20.53,20.02,20.06,2161521.00,43752432.00
2020/11/12,20.16,20.35,19.89,20.01,1847000.00,37088744.00
2020/11/13,20.02,20.68,19.93,20.05,3880023.00,78535872.00
2020/11/16,20.32,22.06,20.32,22.06,12200858.00,260796672.00
2020/11/17,22.00,22.00,19.85,19.85,17003636.00,346969888.00
2020/11/18,19.58,20.30,18.51,18.77,8733757.00,166494304.00
2020/11/19,18.77,18.77,17.13,17.82,7722789.00,136701408.00
2020/11/20,17.71,19.25,17.66,18.77,8544602.00,159670704.00
2020/11/23,18.88,19.00,17.90,18.10,5848321.00,106215680.00
2020/11/24,18.10,18.25,17.60,17.94,2871800.00,51286476.00
2020/11/25,18.10,18.19,17.50,17.51,2805000.00,49914024.00
2020/11/26,17.50,17.66,17.01,17.20,3173107.00,54596032.00
2020/11/27,17.23,17.28,16.42,16.78,5981815.00,99754304.00
2020/11/30,16.71,17.50,15.44,15.53,8810800.00,140379152.00
2020/12/01,15.35,15.97,15.35,15.73,6087596.00,95389944.00
2020/12/02,15.67,17.05,15.65,16.65,8001900.00,132611568.00
2020/12/03,16.65,16.79,16.07,16.48,3384124.00,55583224.00
2020/12/04,16.39,17.12,16.39,16.81,3036294.00,50943264.00
2020/12/07,17.26,17.28,16.39,16.42,3324300.00,55560584.00
2020/12/08,16.40,16.74,16.25,16.53,2121899.00,35077076.00
2020/12/09,16.53,16.70,16.29,16.35,2275100.00,37517596.00
2020/12/10,16.47,16.65,16.00,16.20,2776900.00,45163740.00
2020/12/11,16.35,16.41,15.60,15.80,1906951.00,30443718.00
2020/12/14,15.86,16.66,15.56,16.52,3044378.00,49401844.00
2020/12/15,16.68,16.68,16.10,16.22,1618002.00,26335074.00
2020/12/16,16.29,16.33,16.02,16.05,1426600.00,23006398.00
2020/12/17,16.10,16.11,15.70,15.95,2115772.00,33704476.00
2020/12/18,16.00,16.22,15.56,15.69,2676100.00,42285256.00
2020/12/21,15.70,16.35,15.50,15.85,4155779.00,66582164.00
2020/12/22,15.80,15.99,15.36,15.39,2410900.00,37778032.00
2020/12/23,15.56,15.56,14.98,15.20,2861878.00,43527856.00
2020/12/24,15.00,15.40,14.60,14.88,3045510.00,45201528.00
2020/12/25,14.78,15.54,14.30,15.30,3202401.00,48040476.00
2020/12/28,15.30,16.38,15.12,15.87,5409202.00,86332336.00
2020/12/29,16.17,16.20,15.61,15.79,2447400.00,38706416.00
2020/12/30,15.85,16.03,15.40,15.61,2713600.00,42698060.00
2020/12/31,16.01,16.95,15.53,16.61,5526374.00,91009624.00
2021/01/04,16.64,16.72,16.23,16.32,4100900.00,67447960.00
2021/01/05,16.31,16.84,16.25,16.59,3701700.00,61173272.00
2021/01/06,16.60,17.96,16.30,17.48,6495200.00,111270176.00
2021/01/07,17.38,17.97,17.28,17.64,4455702.00,78650672.00
2021/01/08,17.79,18.10,17.50,17.92,3395700.00,60710232.00
2021/01/11,17.93,18.50,17.25,18.00,5864000.00,104384336.00
2021/01/12,17.98,18.14,17.80,17.96,2988174.00,53609424.00
2021/01/13,17.67,17.95,17.37,17.60,3253699.00,57238484.00
2021/01/14,17.70,18.48,17.48,18.44,4370217.00,79107408.00
2021/01/15,18.15,18.90,17.90,18.50,4247607.00,77876856.00
2021/01/18,18.55,18.98,18.30,18.84,2998700.00,56367012.00
2021/01/19,18.79,19.22,18.72,18.96,2718885.00,51576124.00
2021/01/20,18.99,19.23,18.75,18.93,2179367.00,41224424.00
2021/01/21,18.64,19.25,18.64,19.13,3119167.00,59584156.00
2021/01/22,19.13,19.87,18.82,19.83,4696267.00,91148680.00
2021/01/25,19.79,19.90,18.71,19.14,4481600.00,86922280.00
2021/01/26,18.98,20.11,18.92,19.80,4823700.00,94668392.00
2021/01/27,19.80,20.20,19.53,19.75,3638600.00,72102728.00
2021/01/28,19.68,20.42,19.24,19.50,3046900.00,60216656.00
2021/01/29,19.40,19.79,19.14,19.35,2996200.00,58344552.00
2021/02/01,19.55,19.69,17.60,18.85,2702695.00,51153924.00
2021/02/02,18.99,19.46,18.69,19.35,2828499.00,53984876.00
2021/02/03,19.30,19.95,19.01,19.40,3305500.00,64515888.00
2021/02/04,19.35,19.69,19.00,19.44,2758900.00,53463824.00
2021/02/05,19.55,19.69,19.13,19.39,2296700.00,44520684.00
2021/02/08,19.39,19.41,17.81,18.50,4734277.00,88813472.00
2021/02/09,18.48,19.35,18.31,18.99,3803900.00,72228896.00
2021/02/10,18.75,19.31,18.41,18.62,2802800.00,52346152.00
2021/02/18,18.85,19.96,18.85,19.78,5319000.00,104636760.00
2021/02/19,19.79,20.20,19.51,20.02,4114076.00,81848248.00
2021/02/22,20.00,20.21,19.42,19.58,3482085.00,69145624.00
2021/02/23,19.44,19.97,18.83,19.46,3355595.00,65300596.00
2021/02/24,19.47,19.65,18.92,19.11,2756900.00,52960272.00
2021/02/25,19.20,20.20,19.20,20.20,7193491.00,143325696.00
2021/02/26,20.14,21.20,20.01,20.48,8021916.00,165103776.00
2021/03/01,20.53,21.12,20.11,20.17,5181700.00,106552600.00
2021/03/02,20.16,20.35,19.90,20.04,3254191.00,65335712.00
2021/03/03,20.01,20.78,19.90,20.68,3429300.00,70045256.00
2021/03/04,20.40,20.89,20.30,20.65,2821200.00,58042744.00
2021/03/05,20.65,20.65,19.65,19.81,3907500.00,78516040.00
2021/03/08,19.90,20.66,19.52,19.55,4323291.00,86441608.00
2021/03/09,19.73,20.54,18.63,19.84,5729764.00,112406336.00
2021/03/10,20.04,20.19,19.60,19.81,2533100.00,50157880.00
2021/03/11,19.85,20.10,19.41,19.49,4173202.00,82271848.00
2021/03/12,19.40,19.96,19.07,19.84,3963632.00,77652264.00
2021/03/15,19.51,19.94,19.44,19.77,2469400.00,48779556.00
2021/03/16,19.63,19.85,19.47,19.60,1808925.00,35501148.00
2021/03/17,19.60,19.69,19.15,19.36,2170800.00,42042788.00
2021/03/18,19.43,19.78,19.02,19.15,5802300.00,111945136.00
2021/03/19,19.15,19.30,17.60,18.12,5452900.00,99854384.00
2021/03/22,18.41,18.41,16.66,17.35,5769311.00,99344536.00
2021/03/23,17.34,17.34,16.74,17.18,3305900.00,56162472.00
2021/03/24,17.15,17.88,16.69,17.55,3999600.00,69799288.00
2021/03/25,17.46,18.30,17.44,18.27,2710600.00,48797708.00
2021/03/26,18.31,18.63,17.97,18.46,1912000.00,35118212.00
2021/03/29,18.46,18.66,18.10,18.20,1914900.00,34921392.00
2021/03/30,18.15,18.45,16.65,16.94,5568100.00,96243328.00
2021/03/31,16.96,18.14,16.96,17.80,4736000.00,83638880.00
2021/04/01,17.95,18.03,17.30,17.53,2549000.00,44939760.00
2021/04/02,17.55,17.77,17.11,17.75,2886000.00,50244312.00
2021/04/06,17.46,19.16,17.22,19.00,6877014.00,127673480.00
2021/04/07,19.00,19.09,18.34,18.50,5180000.00,96478360.00
2021/04/08,18.53,19.25,18.45,19.01,4532800.00,86159032.00
2021/04/09,19.02,19.14,18.79,18.86,3792600.00,71844264.00
2021/04/12,18.87,19.08,18.54,18.66,2209600.00,41450032.00
2021/04/13,18.66,18.99,18.19,18.35,1756700.00,32338868.00
2021/04/14,18.48,18.98,18.32,18.81,2088600.00,38948868.00
2021/04/15,18.87,19.07,18.20,18.20,3419969.00,63574012.00
2021/04/16,18.50,18.62,17.85,18.54,3797900.00,69333960.00
